game_id;category_id
1;1
311;1
326;1
421;1
446;1
454;1
466;1
533;1
553;1
618;1
710;1
915;1
994;1
1009;1
1118;1
1146;1
1319;1
1436;1
1460;1
1551;1
1566;1
1918;1
2;2
3;2
7;2
11;2
40;2
54;2
67;2
72;2
108;2
158;2
163;2
170;2
201;2
209;2
340;2
345;2
408;2
416;2
425;2
494;2
533;2
548;2
550;2
584;2
597;2
677;2
733;2
739;2
744;2
748;2
751;2
791;2
830;2
883;2
913;2
965;2
975;2
1003;2
1066;2
1128;2
1138;2
1173;2
1243;2
1286;2
1287;2
1355;2
1375;2
1411;2
1534;2
1555;2
1563;2
1630;2
1682;2
1797;2
1800;2
1826;2
1851;2
1922;2
1982;2
3;3
16;3
17;3
25;3
27;3
30;3
35;3
42;3
54;3
57;3
61;3
72;3
83;3
89;3
96;3
108;3
134;3
163;3
170;3
179;3
201;3
204;3
209;3
254;3
258;3
263;3
284;3
285;3
317;3
324;3
355;3
356;3
361;3
365;3
386;3
407;3
415;3
425;3
436;3
437;3
455;3
483;3
490;3
494;3
526;3
556;3
558;3
566;3
597;3
606;3
608;3
631;3
649;3
651;3
656;3
661;3
678;3
706;3
708;3
723;3
739;3
744;3
748;3
826;3
830;3
873;3
874;3
890;3
905;3
908;3
917;3
931;3
951;3
955;3
972;3
997;3
998;3
1003;3
1011;3
1018;3
1028;3
1037;3
1041;3
1043;3
1066;3
1079;3
1081;3
1083;3
1085;3
1095;3
1100;3
1101;3
1107;3
1113;3
1121;3
1124;3
1128;3
1134;3
1137;3
1138;3
1153;3
1158;3
1173;3
1175;3
1177;3
1183;3
1200;3
1245;3
1253;3
1271;3
1285;3
1286;3
1292;3
1293;3
1308;3
1311;3
1326;3
1329;3
1332;3
1340;3
1343;3
1346;3
1364;3
1375;3
1398;3
1423;3
1430;3
1440;3
1457;3
1464;3
1470;3
1485;3
1505;3
1506;3
1508;3
1510;3
1542;3
1558;3
1563;3
1597;3
1599;3
1608;3
1612;3
1630;3
1674;3
1682;3
1697;3
1715;3
1720;3
1755;3
1763;3
1774;3
1790;3
1814;3
1826;3
1860;3
1877;3
1887;3
1891;3
1898;3
1902;3
1920;3
1937;3
1954;3
1963;3
1975;3
1981;3
4;4
12;4
22;4
23;4
24;4
28;4
29;4
32;4
37;4
39;4
41;4
62;4
64;4
68;4
69;4
80;4
86;4
94;4
111;4
121;4
123;4
126;4
132;4
136;4
145;4
149;4
150;4
159;4
169;4
180;4
192;4
202;4
206;4
208;4
213;4
232;4
259;4
274;4
277;4
307;4
320;4
325;4
327;4
330;4
331;4
338;4
342;4
353;4
361;4
363;4
364;4
375;4
379;4
381;4
392;4
400;4
402;4
433;4
459;4
461;4
482;4
489;4
495;4
498;4
508;4
513;4
520;4
526;4
528;4
532;4
539;4
549;4
566;4
567;4
568;4
578;4
583;4
586;4
590;4
594;4
609;4
612;4
617;4
621;4
626;4
637;4
647;4
672;4
685;4
691;4
698;4
708;4
714;4
716;4
729;4
731;4
733;4
736;4
741;4
752;4
759;4
763;4
764;4
769;4
775;4
781;4
800;4
825;4
832;4
848;4
853;4
857;4
861;4
868;4
871;4
898;4
937;4
949;4
967;4
983;4
987;4
990;4
995;4
1007;4
1008;4
1032;4
1055;4
1060;4
1081;4
1099;4
1106;4
1109;4
1144;4
1186;4
1190;4
1207;4
1217;4
1226;4
1256;4
1258;4
1270;4
1283;4
1305;4
1307;4
1309;4
1311;4
1323;4
1327;4
1333;4
1338;4
1347;4
1348;4
1358;4
1375;4
1382;4
1388;4
1399;4
1400;4
1414;4
1431;4
1437;4
1443;4
1459;4
1486;4
1489;4
1490;4
1509;4
1514;4
1519;4
1523;4
1527;4
1529;4
1530;4
1536;4
1560;4
1562;4
1580;4
1597;4
1620;4
1621;4
1631;4
1644;4
1655;4
1681;4
1683;4
1703;4
1765;4
1772;4
1784;4
1802;4
1815;4
1838;4
1844;4
1856;4
1857;4
1861;4
1869;4
1878;4
1894;4
1911;4
1929;4
1930;4
1947;4
1973;4
5;5
7;5
13;5
15;5
18;5
21;5
33;5
59;5
70;5
88;5
91;5
97;5
105;5
106;5
107;5
109;5
127;5
142;5
164;5
178;5
210;5
228;5
257;5
260;5
287;5
305;5
335;5
351;5
360;5
367;5
387;5
408;5
410;5
467;5
470;5
493;5
503;5
525;5
552;5
561;5
578;5
585;5
652;5
662;5
663;5
667;5
683;5
693;5
702;5
705;5
710;5
720;5
724;5
756;5
762;5
788;5
887;5
894;5
921;5
928;5
934;5
1008;5
1015;5
1016;5
1031;5
1096;5
1116;5
1122;5
1133;5
1142;5
1171;5
1185;5
1187;5
1194;5
1202;5
1227;5
1243;5
1263;5
1273;5
1294;5
1302;5
1435;5
1436;5
1501;5
1515;5
1518;5
1549;5
1610;5
1619;5
1678;5
1684;5
1691;5
1702;5
1713;5
1738;5
1741;5
1747;5
1842;5
1851;5
1859;5
1884;5
1908;5
1931;5
1933;5
1953;5
1956;5
1965;5
6;6
9;6
10;6
80;6
118;6
193;6
196;6
202;6
220;6
229;6
352;6
383;6
422;6
438;6
439;6
463;6
478;6
486;6
489;6
520;6
614;6
656;6
675;6
683;6
727;6
758;6
760;6
764;6
786;6
805;6
850;6
867;6
901;6
903;6
925;6
953;6
993;6
1005;6
1006;6
1034;6
1037;6
1196;6
1211;6
1213;6
1221;6
1293;6
1300;6
1308;6
1370;6
1377;6
1379;6
1384;6
1392;6
1447;6
1469;6
1519;6
1535;6
1566;6
1582;6
1623;6
1626;6
1656;6
1687;6
1709;6
1721;6
1808;6
1837;6
1873;6
1960;6
1977;6
1990;6
4;7
8;7
11;7
12;7
22;7
24;7
28;7
30;7
31;7
32;7
33;7
37;7
39;7
42;7
53;7
57;7
59;7
60;7
62;7
64;7
68;7
69;7
73;7
84;7
86;7
92;7
94;7
98;7
100;7
104;7
120;7
123;7
134;7
136;7
138;7
143;7
145;7
148;7
159;7
162;7
167;7
169;7
171;7
172;7
173;7
179;7
180;7
186;7
189;7
207;7
208;7
213;7
223;7
225;7
232;7
240;7
241;7
245;7
259;7
264;7
267;7
270;7
273;7
274;7
279;7
282;7
290;7
299;7
304;7
319;7
323;7
325;7
327;7
328;7
331;7
332;7
333;7
342;7
344;7
346;7
353;7
356;7
364;7
373;7
381;7
385;7
386;7
388;7
392;7
396;7
401;7
402;7
405;7
414;7
419;7
420;7
422;7
424;7
426;7
431;7
433;7
434;7
442;7
459;7
460;7
468;7
471;7
482;7
485;7
488;7
490;7
495;7
498;7
506;7
507;7
508;7
520;7
521;7
522;7
526;7
531;7
532;7
533;7
534;7
535;7
539;7
546;7
549;7
560;7
562;7
564;7
568;7
569;7
573;7
578;7
582;7
586;7
587;7
590;7
594;7
598;7
604;7
607;7
609;7
617;7
622;7
624;7
626;7
629;7
630;7
642;7
647;7
651;7
652;7
656;7
659;7
669;7
672;7
680;7
681;7
684;7
685;7
687;7
698;7
700;7
709;7
716;7
717;7
726;7
729;7
731;7
736;7
744;7
747;7
752;7
758;7
759;7
761;7
763;7
764;7
765;7
775;7
786;7
789;7
790;7
791;7
802;7
803;7
811;7
814;7
815;7
817;7
823;7
824;7
825;7
827;7
832;7
835;7
842;7
847;7
853;7
858;7
861;7
862;7
866;7
871;7
882;7
897;7
898;7
899;7
901;7
903;7
904;7
907;7
918;7
919;7
920;7
937;7
939;7
940;7
944;7
947;7
949;7
951;7
959;7
967;7
971;7
978;7
982;7
984;7
987;7
990;7
1007;7
1016;7
1018;7
1019;7
1028;7
1032;7
1045;7
1046;7
1048;7
1049;7
1051;7
1055;7
1056;7
1060;7
1061;7
1067;7
1081;7
1082;7
1088;7
1089;7
1097;7
1099;7
1102;7
1106;7
1109;7
1114;7
1121;7
1129;7
1144;7
1151;7
1154;7
1155;7
1156;7
1163;7
1167;7
1182;7
1184;7
1186;7
1189;7
1190;7
1193;7
1204;7
1206;7
1207;7
1222;7
1226;7
1231;7
1232;7
1236;7
1241;7
1242;7
1245;7
1248;7
1252;7
1254;7
1259;7
1261;7
1263;7
1265;7
1289;7
1290;7
1293;7
1303;7
1307;7
1311;7
1327;7
1329;7
1333;7
1334;7
1336;7
1337;7
1338;7
1347;7
1349;7
1354;7
1356;7
1358;7
1359;7
1361;7
1362;7
1380;7
1382;7
1384;7
1388;7
1390;7
1399;7
1400;7
1402;7
1405;7
1407;7
1414;7
1419;7
1426;7
1430;7
1431;7
1432;7
1433;7
1438;7
1440;7
1441;7
1443;7
1444;7
1445;7
1447;7
1453;7
1457;7
1459;7
1475;7
1476;7
1484;7
1485;7
1486;7
1489;7
1490;7
1492;7
1513;7
1515;7
1523;7
1530;7
1535;7
1536;7
1539;7
1557;7
1560;7
1562;7
1563;7
1564;7
1566;7
1580;7
1590;7
1600;7
1602;7
1616;7
1617;7
1622;7
1625;7
1631;7
1641;7
1642;7
1644;7
1649;7
1658;7
1667;7
1668;7
1681;7
1683;7
1694;7
1697;7
1698;7
1711;7
1714;7
1715;7
1717;7
1719;7
1721;7
1724;7
1727;7
1729;7
1730;7
1733;7
1742;7
1747;7
1754;7
1765;7
1767;7
1768;7
1772;7
1774;7
1780;7
1785;7
1789;7
1802;7
1805;7
1806;7
1815;7
1817;7
1818;7
1825;7
1835;7
1839;7
1844;7
1856;7
1857;7
1858;7
1867;7
1868;7
1869;7
1871;7
1877;7
1878;7
1884;7
1892;7
1894;7
1899;7
1903;7
1904;7
1905;7
1906;7
1911;7
1919;7
1921;7
1926;7
1929;7
1930;7
1932;7
1940;7
1946;7
1947;7
1950;7
1951;7
1956;7
1969;7
1974;7
1979;7
1984;7
1986;7
1994;7
9;8
216;8
547;8
632;8
688;8
810;8
1164;8
1279;8
1291;8
1306;8
1328;8
1330;8
1396;8
1999;8
14;9
206;9
234;9
547;9
613;9
703;9
988;9
1012;9
1277;9
1315;9
1507;9
1865;9
1972;9
3;10
15;10
21;10
28;10
29;10
31;10
35;10
37;10
41;10
42;10
46;10
50;10
62;10
81;10
85;10
88;10
98;10
101;10
104;10
109;10
114;10
117;10
129;10
134;10
140;10
143;10
145;10
150;10
156;10
166;10
167;10
168;10
170;10
173;10
176;10
178;10
180;10
182;10
185;10
189;10
193;10
198;10
199;10
201;10
209;10
210;10
215;10
220;10
222;10
223;10
235;10
240;10
243;10
244;10
245;10
246;10
256;10
257;10
264;10
265;10
267;10
268;10
269;10
270;10
273;10
275;10
281;10
285;10
288;10
290;10
293;10
297;10
301;10
304;10
310;10
314;10
316;10
325;10
328;10
329;10
333;10
334;10
335;10
337;10
346;10
347;10
353;10
355;10
358;10
367;10
368;10
374;10
383;10
384;10
385;10
386;10
387;10
388;10
395;10
404;10
405;10
409;10
411;10
412;10
415;10
419;10
422;10
423;10
426;10
428;10
434;10
435;10
449;10
454;10
460;10
462;10
464;10
469;10
470;10
479;10
482;10
487;10
488;10
490;10
491;10
494;10
496;10
497;10
499;10
500;10
509;10
522;10
529;10
530;10
531;10
535;10
537;10
540;10
544;10
545;10
548;10
551;10
553;10
558;10
561;10
562;10
564;10
565;10
567;10
569;10
570;10
576;10
579;10
587;10
588;10
591;10
597;10
601;10
605;10
624;10
627;10
629;10
636;10
639;10
640;10
642;10
643;10
645;10
648;10
651;10
655;10
656;10
660;10
666;10
674;10
676;10
681;10
684;10
685;10
688;10
694;10
696;10
697;10
700;10
704;10
706;10
709;10
711;10
712;10
715;10
721;10
723;10
733;10
739;10
744;10
745;10
747;10
751;10
752;10
758;10
760;10
763;10
764;10
777;10
778;10
779;10
786;10
787;10
790;10
797;10
803;10
806;10
813;10
814;10
815;10
817;10
820;10
822;10
823;10
834;10
835;10
846;10
847;10
858;10
860;10
869;10
871;10
886;10
894;10
899;10
901;10
903;10
904;10
905;10
908;10
913;10
915;10
918;10
920;10
926;10
929;10
931;10
932;10
935;10
938;10
949;10
950;10
951;10
955;10
956;10
957;10
959;10
960;10
962;10
969;10
970;10
971;10
974;10
976;10
977;10
981;10
983;10
993;10
997;10
1008;10
1010;10
1017;10
1018;10
1019;10
1026;10
1042;10
1045;10
1046;10
1054;10
1055;10
1056;10
1059;10
1063;10
1074;10
1077;10
1080;10
1082;10
1088;10
1092;10
1097;10
1098;10
1111;10
1113;10
1114;10
1115;10
1116;10
1118;10
1128;10
1129;10
1130;10
1134;10
1137;10
1142;10
1143;10
1146;10
1149;10
1151;10
1152;10
1154;10
1157;10
1160;10
1162;10
1163;10
1164;10
1166;10
1167;10
1168;10
1169;10
1173;10
1177;10
1186;10
1188;10
1201;10
1206;10
1208;10
1210;10
1212;10
1213;10
1216;10
1222;10
1224;10
1225;10
1228;10
1230;10
1232;10
1234;10
1235;10
1236;10
1238;10
1243;10
1245;10
1246;10
1250;10
1251;10
1252;10
1253;10
1261;10
1265;10
1270;10
1274;10
1280;10
1288;10
1289;10
1293;10
1296;10
1297;10
1298;10
1300;10
1304;10
1312;10
1314;10
1320;10
1324;10
1329;10
1332;10
1336;10
1339;10
1345;10
1347;10
1353;10
1356;10
1359;10
1360;10
1361;10
1364;10
1366;10
1368;10
1371;10
1373;10
1374;10
1384;10
1386;10
1387;10
1388;10
1389;10
1393;10
1397;10
1398;10
1402;10
1405;10
1406;10
1407;10
1413;10
1414;10
1418;10
1419;10
1423;10
1424;10
1432;10
1433;10
1435;10
1440;10
1441;10
1447;10
1451;10
1457;10
1466;10
1469;10
1476;10
1477;10
1478;10
1481;10
1485;10
1492;10
1495;10
1497;10
1502;10
1505;10
1510;10
1511;10
1513;10
1515;10
1516;10
1523;10
1530;10
1536;10
1543;10
1546;10
1548;10
1551;10
1553;10
1554;10
1556;10
1557;10
1559;10
1561;10
1563;10
1566;10
1575;10
1578;10
1583;10
1585;10
1587;10
1589;10
1590;10
1592;10
1600;10
1602;10
1603;10
1604;10
1605;10
1606;10
1611;10
1612;10
1613;10
1616;10
1617;10
1622;10
1623;10
1635;10
1637;10
1642;10
1644;10
1649;10
1654;10
1656;10
1661;10
1664;10
1666;10
1668;10
1672;10
1674;10
1676;10
1680;10
1686;10
1687;10
1690;10
1696;10
1699;10
1703;10
1704;10
1711;10
1715;10
1719;10
1721;10
1722;10
1723;10
1724;10
1725;10
1726;10
1733;10
1736;10
1737;10
1738;10
1741;10
1746;10
1749;10
1750;10
1752;10
1753;10
1754;10
1755;10
1760;10
1762;10
1764;10
1768;10
1774;10
1776;10
1778;10
1781;10
1789;10
1790;10
1798;10
1801;10
1802;10
1804;10
1812;10
1814;10
1818;10
1820;10
1821;10
1825;10
1827;10
1831;10
1839;10
1846;10
1847;10
1850;10
1853;10
1854;10
1858;10
1860;10
1867;10
1872;10
1873;10
1881;10
1886;10
1890;10
1892;10
1897;10
1899;10
1903;10
1904;10
1905;10
1906;10
1910;10
1912;10
1917;10
1919;10
1939;10
1944;10
1946;10
1955;10
1957;10
1960;10
1964;10
1966;10
1968;10
1969;10
1970;10
1972;10
1974;10
1977;10
1979;10
1986;10
1987;10
1990;10
1993;10
17;11
27;11
277;11
311;11
467;11
542;11
609;11
728;11
843;11
853;11
1078;11
1110;11
1127;11
1148;11
1161;11
1197;11
1339;11
1401;11
1500;11
1559;11
1573;11
1660;11
1666;11
1737;11
1847;11
1916;11
1945;11
1946;11
1961;11
1;12
3;12
5;12
7;12
13;12
15;12
17;12
19;12
20;12
21;12
25;12
26;12
27;12
33;12
40;12
43;12
44;12
48;12
49;12
51;12
52;12
55;12
57;12
58;12
59;12
61;12
63;12
66;12
70;12
71;12
75;12
77;12
78;12
79;12
82;12
83;12
88;12
89;12
95;12
96;12
102;12
103;12
106;12
107;12
109;12
112;12
114;12
119;12
120;12
122;12
125;12
130;12
133;12
135;12
137;12
139;12
147;12
151;12
157;12
160;12
163;12
164;12
178;12
181;12
187;12
191;12
195;12
199;12
204;12
210;12
212;12
215;12
221;12
228;12
231;12
235;12
238;12
239;12
257;12
263;12
266;12
267;12
280;12
281;12
284;12
288;12
291;12
293;12
294;12
295;12
300;12
305;12
306;12
312;12
319;12
322;12
326;12
343;12
345;12
347;12
348;12
349;12
351;12
354;12
362;12
368;12
369;12
371;12
374;12
376;12
377;12
382;12
389;12
397;12
402;12
404;12
408;12
420;12
427;12
428;12
432;12
439;12
443;12
445;12
447;12
449;12
451;12
454;12
455;12
457;12
467;12
472;12
480;12
484;12
485;12
487;12
493;12
512;12
516;12
523;12
525;12
536;12
548;12
554;12
555;12
571;12
572;12
575;12
591;12
592;12
595;12
602;12
605;12
623;12
628;12
632;12
633;12
641;12
646;12
648;12
650;12
657;12
662;12
668;12
688;12
689;12
690;12
693;12
702;12
703;12
713;12
720;12
728;12
732;12
750;12
755;12
756;12
757;12
766;12
775;12
796;12
797;12
802;12
809;12
811;12
813;12
838;12
839;12
840;12
841;12
845;12
852;12
855;12
867;12
876;12
878;12
883;12
886;12
889;12
892;12
900;12
902;12
907;12
910;12
912;12
915;12
916;12
917;12
923;12
935;12
942;12
943;12
947;12
948;12
962;12
972;12
992;12
1000;12
1004;12
1008;12
1031;12
1033;12
1048;12
1050;12
1066;12
1073;12
1091;12
1103;12
1110;12
1119;12
1125;12
1127;12
1140;12
1146;12
1159;12
1171;12
1172;12
1178;12
1194;12
1212;12
1215;12
1223;12
1230;12
1249;12
1263;12
1273;12
1287;12
1294;12
1316;12
1318;12
1322;12
1350;12
1357;12
1369;12
1376;12
1378;12
1380;12
1383;12
1394;12
1409;12
1413;12
1415;12
1417;12
1436;12
1454;12
1455;12
1468;12
1473;12
1474;12
1479;12
1483;12
1496;12
1508;12
1532;12
1552;12
1569;12
1571;12
1576;12
1584;12
1595;12
1601;12
1610;12
1628;12
1636;12
1657;12
1659;12
1661;12
1670;12
1675;12
1684;12
1687;12
1688;12
1691;12
1701;12
1713;12
1731;12
1735;12
1758;12
1766;12
1778;12
1791;12
1803;12
1812;12
1816;12
1820;12
1832;12
1834;12
1840;12
1855;12
1874;12
1875;12
1891;12
1912;12
1931;12
1932;12
1938;12
1965;12
1976;12
1983;12
1997;12
21;13
26;13
70;13
102;13
103;13
109;13
117;13
124;13
127;13
141;13
161;13
186;13
210;13
228;13
237;13
241;13
260;13
281;13
292;13
298;13
312;13
316;13
335;13
363;13
367;13
390;13
418;13
430;13
441;13
444;13
448;13
450;13
456;13
468;13
478;13
492;13
493;13
500;13
525;13
561;13
574;13
575;13
578;13
599;13
645;13
652;13
686;13
692;13
720;13
722;13
724;13
737;13
756;13
780;13
784;13
792;13
795;13
810;13
831;13
852;13
875;13
887;13
934;13
946;13
991;13
995;13
1015;13
1031;13
1086;13
1096;13
1125;13
1133;13
1185;13
1195;13
1202;13
1210;13
1227;13
1273;13
1278;13
1294;13
1301;13
1302;13
1306;13
1368;13
1408;13
1435;13
1471;13
1501;13
1532;13
1646;13
1648;13
1663;13
1678;13
1684;13
1691;13
1695;13
1700;13
1702;13
1706;13
1741;13
1750;13
1756;13
1758;13
1776;13
1809;13
1810;13
1811;13
1812;13
1824;13
1825;13
1870;13
1900;13
1907;13
1908;13
1909;13
1927;13
1933;13
1936;13
1956;13
1976;13
1992;13
34;14
196;14
427;14
457;14
536;14
614;14
637;14
641;14
805;14
949;14
1007;14
1308;14
1497;14
1507;14
1514;14
1589;14
1664;14
1754;14
1843;14
1928;14
16;15
25;15
36;15
73;15
76;15
99;15
112;15
122;15
123;15
128;15
129;15
130;15
133;15
140;15
146;15
159;15
182;15
183;15
184;15
194;15
195;15
223;15
231;15
233;15
239;15
244;15
269;15
274;15
276;15
282;15
300;15
315;15
350;15
357;15
365;15
368;15
371;15
381;15
384;15
408;15
443;15
453;15
458;15
472;15
491;15
512;15
521;15
541;15
545;15
563;15
564;15
568;15
578;15
582;15
588;15
596;15
602;15
657;15
670;15
680;15
715;15
716;15
721;15
742;15
750;15
754;15
767;15
769;15
775;15
801;15
813;15
821;15
845;15
869;15
896;15
901;15
912;15
923;15
940;15
944;15
964;15
992;15
996;15
1008;15
1020;15
1022;15
1026;15
1030;15
1049;15
1051;15
1064;15
1105;15
1117;15
1122;15
1133;15
1135;15
1143;15
1175;15
1185;15
1188;15
1223;15
1227;15
1241;15
1244;15
1279;15
1280;15
1312;15
1314;15
1325;15
1349;15
1354;15
1369;15
1378;15
1380;15
1396;15
1399;15
1413;15
1432;15
1446;15
1453;15
1454;15
1470;15
1476;15
1477;15
1489;15
1491;15
1498;15
1525;15
1528;15
1530;15
1553;15
1557;15
1562;15
1567;15
1571;15
1591;15
1595;15
1618;15
1628;15
1639;15
1652;15
1658;15
1659;15
1661;15
1685;15
1691;15
1692;15
1693;15
1704;15
1729;15
1734;15
1744;15
1747;15
1759;15
1760;15
1767;15
1782;15
1806;15
1822;15
1864;15
1883;15
1884;15
1899;15
1905;15
1927;15
1965;15
1966;15
1980;15
1994;15
5;16
6;16
7;16
9;16
10;16
13;16
18;16
19;16
23;16
38;16
50;16
55;16
58;16
67;16
80;16
81;16
85;16
88;16
91;16
97;16
98;16
105;16
106;16
113;16
118;16
126;16
142;16
143;16
149;16
150;16
152;16
154;16
157;16
164;16
168;16
175;16
178;16
185;16
192;16
193;16
196;16
198;16
202;16
203;16
205;16
217;16
218;16
220;16
236;16
240;16
242;16
246;16
251;16
263;16
289;16
302;16
304;16
305;16
310;16
317;16
330;16
352;16
359;16
375;16
378;16
389;16
391;16
397;16
403;16
405;16
406;16
409;16
413;16
416;16
427;16
435;16
438;16
449;16
463;16
475;16
486;16
489;16
499;16
502;16
511;16
538;16
539;16
571;16
578;16
586;16
600;16
606;16
608;16
614;16
634;16
637;16
652;16
653;16
654;16
661;16
663;16
667;16
673;16
674;16
677;16
679;16
682;16
683;16
695;16
696;16
700;16
702;16
727;16
729;16
733;16
735;16
740;16
743;16
760;16
771;16
791;16
805;16
806;16
820;16
836;16
856;16
860;16
865;16
868;16
870;16
881;16
894;16
910;16
914;16
922;16
924;16
929;16
930;16
933;16
941;16
953;16
954;16
972;16
973;16
977;16
979;16
989;16
990;16
993;16
1000;16
1005;16
1013;16
1017;16
1025;16
1028;16
1034;16
1069;16
1111;16
1120;16
1129;16
1142;16
1144;16
1171;16
1181;16
1196;16
1201;16
1211;16
1213;16
1221;16
1229;16
1236;16
1249;16
1257;16
1261;16
1283;16
1289;16
1291;16
1300;16
1324;16
1342;16
1344;16
1345;16
1353;16
1367;16
1370;16
1388;16
1421;16
1423;16
1465;16
1487;16
1488;16
1494;16
1509;16
1510;16
1511;16
1514;16
1519;16
1522;16
1524;16
1527;16
1531;16
1544;16
1546;16
1547;16
1557;16
1558;16
1565;16
1569;16
1576;16
1582;16
1587;16
1596;16
1597;16
1603;16
1610;16
1624;16
1626;16
1632;16
1638;16
1643;16
1650;16
1656;16
1671;16
1676;16
1703;16
1707;16
1709;16
1710;16
1713;16
1722;16
1728;16
1732;16
1770;16
1777;16
1784;16
1786;16
1796;16
1800;16
1838;16
1841;16
1842;16
1862;16
1871;16
1873;16
1876;16
1882;16
1896;16
1897;16
1901;16
1903;16
1924;16
1949;16
1953;16
1959;16
1994;16
45;17
121;17
258;17
261;17
278;17
341;17
437;17
473;17
476;17
519;17
631;17
634;17
635;17
738;17
856;17
914;17
1029;17
1090;17
1095;17
1101;17
1153;17
1220;17
1253;17
1264;17
1640;17
1671;17
1799;17
1870;17
1885;17
1928;17
1975;17
47;18
253;18
519;18
580;18
800;18
842;18
874;18
893;18
933;18
997;18
1032;18
1076;18
1083;18
1148;18
1158;18
1199;18
1209;18
1259;18
1271;18
1275;18
1292;18
1299;18
1308;18
1444;18
1451;18
1631;18
1655;18
1739;18
1795;18
1836;18
1842;18
1885;18
1887;18
1937;18
1950;18
1970;18
21;19
42;19
50;19
52;19
55;19
63;19
78;19
100;19
102;19
109;19
122;19
125;19
130;19
161;19
175;19
184;19
191;19
200;19
203;19
210;19
228;19
231;19
238;19
255;19
260;19
281;19
283;19
293;19
312;19
367;19
369;19
371;19
374;19
380;19
386;19
397;19
402;19
408;19
410;19
416;19
428;19
448;19
449;19
454;19
456;19
469;19
483;19
487;19
509;19
512;19
521;19
525;19
545;19
550;19
552;19
554;19
561;19
564;19
572;19
574;19
589;19
596;19
602;19
625;19
629;19
650;19
693;19
728;19
750;19
807;19
808;19
811;19
821;19
852;19
863;19
869;19
882;19
915;19
928;19
935;19
942;19
972;19
977;19
992;19
1000;19
1008;19
1010;19
1015;19
1018;19
1020;19
1049;19
1050;19
1075;19
1084;19
1086;19
1096;19
1110;19
1112;19
1122;19
1125;19
1130;19
1135;19
1143;19
1187;19
1223;19
1224;19
1298;19
1313;19
1335;19
1339;19
1350;19
1371;19
1373;19
1413;19
1421;19
1442;19
1452;19
1454;19
1458;19
1462;19
1465;19
1476;19
1479;19
1500;19
1501;19
1512;19
1515;19
1517;19
1520;19
1552;19
1567;19
1571;19
1575;19
1586;19
1601;19
1614;19
1615;19
1633;19
1636;19
1646;19
1649;19
1659;19
1661;19
1675;19
1691;19
1692;19
1761;19
1769;19
1773;19
1775;19
1810;19
1828;19
1833;19
1842;19
1849;19
1871;19
1879;19
1889;19
1908;19
1922;19
1925;19
1931;19
1936;19
1946;19
1962;19
1966;19
1983;19
2000;19
2;20
56;20
67;20
153;20
165;20
366;20
584;20
845;20
911;20
942;20
1410;20
1716;20
1821;20
1;21
20;21
51;21
65;21
116;21
119;21
135;21
137;21
153;21
188;21
219;21
284;21
366;21
404;21
417;21
515;21
593;21
633;21
688;21
718;21
746;21
797;21
844;21
943;21
1071;21
1165;21
1174;21
1182;21
1185;21
1328;21
1350;21
1512;21
1517;21
1579;21
1791;21
1945;21
1999;21
72;22
90;22
127;22
139;22
183;22
224;22
227;22
247;22
276;22
292;22
315;22
324;22
339;22
372;22
448;22
452;22
481;22
483;22
529;22
556;22
570;22
611;22
615;22
620;22
658;22
665;22
753;22
766;22
770;22
801;22
807;22
835;22
849;22
862;22
872;22
873;22
879;22
885;22
888;22
890;22
964;22
980;22
985;22
1035;22
1038;22
1040;22
1047;22
1077;22
1098;22
1100;22
1112;22
1124;22
1145;22
1176;22
1214;22
1268;22
1326;22
1340;22
1396;22
1404;22
1422;22
1427;22
1449;22
1504;22
1517;22
1550;22
1581;22
1607;22
1609;22
1615;22
1629;22
1639;22
1651;22
1700;22
1734;22
1744;22
1745;22
1746;22
1751;22
1762;22
1767;22
1771;22
1779;22
1793;22
1811;22
1819;22
1826;22
1835;22
1868;22
1893;22
1920;22
1941;22
1943;22
1948;22
1963;22
1985;22
1989;22
1;23
74;23
137;23
144;23
153;23
174;23
226;23
230;23
249;23
295;23
322;23
474;23
542;23
589;23
603;23
623;23
633;23
643;23
755;23
774;23
778;23
793;23
794;23
854;23
909;23
943;23
1033;23
1126;23
1172;23
1205;23
1247;23
1305;23
1316;23
1352;23
1401;23
1415;23
1493;23
1526;23
1540;23
1556;23
1679;23
1735;23
1775;23
1791;23
1816;23
1833;23
1855;23
1874;23
1923;23
1997;23
81;24
87;24
118;24
148;24
152;24
196;24
205;24
217;24
223;24
225;24
242;24
256;24
271;24
361;24
406;24
417;24
421;24
435;24
464;24
471;24
482;24
520;24
538;24
545;24
560;24
564;24
568;24
588;24
604;24
614;24
629;24
655;24
663;24
671;24
697;24
718;24
719;24
726;24
734;24
747;24
764;24
779;24
804;24
833;24
843;24
844;24
846;24
850;24
868;24
880;24
905;24
929;24
956;24
1012;24
1021;24
1026;24
1036;24
1054;24
1059;24
1162;24
1169;24
1173;24
1174;24
1177;24
1181;24
1182;24
1219;24
1228;24
1246;24
1255;24
1262;24
1270;24
1280;24
1387;24
1419;24
1461;24
1463;24
1492;24
1511;24
1512;24
1515;24
1544;24
1548;24
1561;24
1582;24
1590;24
1621;24
1624;24
1638;24
1648;24
1680;24
1686;24
1690;24
1704;24
1737;24
1749;24
1764;24
1801;24
1806;24
1850;24
1858;24
1884;24
1888;24
1919;24
1931;24
1935;24
1942;24
1980;24
1987;24
1989;24
16;25
32;25
34;25
62;25
82;25
86;25
112;25
133;25
159;25
160;25
164;25
169;25
181;25
195;25
197;25
212;25
214;25
218;25
244;25
250;25
251;25
258;25
261;25
282;25
289;25
305;25
313;25
328;25
341;25
345;25
352;25
378;25
391;25
418;25
433;25
440;25
463;25
468;25
473;25
478;25
486;25
508;25
518;25
521;25
544;25
572;25
578;25
584;25
603;25
606;25
616;25
619;25
631;25
637;25
642;25
652;25
668;25
684;25
707;25
732;25
743;25
760;25
763;25
772;25
774;25
796;25
800;25
825;25
832;25
837;25
838;25
843;25
850;25
856;25
877;25
881;25
889;25
891;25
893;25
909;25
911;25
931;25
933;25
952;25
953;25
961;25
963;25
971;25
1001;25
1015;25
1023;25
1041;25
1049;25
1052;25
1062;25
1070;25
1081;25
1085;25
1088;25
1122;25
1161;25
1163;25
1173;25
1183;25
1186;25
1197;25
1227;25
1229;25
1254;25
1263;25
1267;25
1282;25
1284;25
1299;25
1305;25
1313;25
1317;25
1321;25
1337;25
1342;25
1374;25
1379;25
1385;25
1421;25
1425;25
1448;25
1452;25
1453;25
1465;25
1485;25
1494;25
1497;25
1503;25
1509;25
1510;25
1516;25
1530;25
1535;25
1536;25
1540;25
1542;25
1547;25
1549;25
1571;25
1574;25
1582;25
1599;25
1600;25
1605;25
1607;25
1614;25
1617;25
1632;25
1654;25
1660;25
1668;25
1682;25
1692;25
1725;25
1727;25
1750;25
1754;25
1759;25
1769;25
1782;25
1788;25
1807;25
1828;25
1839;25
1844;25
1877;25
1886;25
1908;25
1925;25
1947;25
1948;25
1960;25
92;26
166;26
199;26
258;26
350;26
556;26
563;26
631;26
672;26
750;26
1517;26
1615;26
1712;26
1759;26
1806;26
4;27
5;27
7;27
9;27
12;27
13;27
18;27
22;27
28;27
29;27
38;27
39;27
55;27
62;27
64;27
67;27
69;27
79;27
80;27
85;27
88;27
93;27
97;27
105;27
106;27
110;27
111;27
113;27
117;27
118;27
121;27
123;27
126;27
136;27
142;27
145;27
149;27
150;27
158;27
164;27
175;27
185;27
190;27
192;27
202;27
206;27
213;27
217;27
218;27
222;27
259;27
279;27
289;27
302;27
305;27
311;27
317;27
327;27
337;27
342;27
344;27
348;27
350;27
359;27
360;27
363;27
364;27
375;27
378;27
381;27
389;27
391;27
392;27
393;27
397;27
398;27
399;27
402;27
410;27
427;27
433;27
467;27
475;27
477;27
489;27
495;27
508;27
525;27
526;27
532;27
549;27
561;27
566;27
578;27
583;27
590;27
594;27
609;27
617;27
621;27
626;27
628;27
637;27
644;27
662;27
663;27
667;27
672;27
683;27
691;27
694;27
698;27
699;27
702;27
708;27
714;27
719;27
722;27
729;27
733;27
741;27
743;27
752;27
759;27
761;27
762;27
768;27
781;27
787;27
800;27
802;27
804;27
823;27
825;27
832;27
853;27
857;27
860;27
865;27
866;27
871;27
880;27
881;27
891;27
894;27
898;27
910;27
919;27
921;27
928;27
932;27
937;27
954;27
967;27
969;27
971;27
979;27
981;27
983;27
1005;27
1007;27
1008;27
1016;27
1031;27
1041;27
1051;27
1060;27
1081;27
1099;27
1106;27
1109;27
1142;27
1171;27
1175;27
1181;27
1196;27
1201;27
1226;27
1241;27
1248;27
1249;27
1255;27
1283;27
1285;27
1290;27
1297;27
1303;27
1307;27
1323;27
1327;27
1345;27
1347;27
1348;27
1358;27
1382;27
1399;27
1400;27
1423;27
1431;27
1436;27
1443;27
1444;27
1459;27
1465;27
1486;27
1490;27
1492;27
1495;27
1509;27
1522;27
1529;27
1547;27
1564;27
1565;27
1569;27
1570;27
1580;27
1582;27
1596;27
1597;27
1603;27
1605;27
1610;27
1617;27
1620;27
1621;27
1624;27
1632;27
1643;27
1644;27
1653;27
1656;27
1681;27
1683;27
1703;27
1713;27
1719;27
1728;27
1733;27
1748;27
1765;27
1772;27
1777;27
1784;27
1786;27
1802;27
1838;27
1842;27
1851;27
1856;27
1869;27
1871;27
1895;27
1898;27
1902;27
1921;27
1926;27
1929;27
1950;27
1953;27
1968;27
1971;27
1973;27
1981;27
87;28
110;28
115;28
118;28
155;28
156;28
172;28
188;28
223;28
234;28
242;28
252;28
256;28
265;28
271;28
272;28
303;28
309;28
318;28
320;28
321;28
329;28
358;28
379;28
383;28
394;28
406;28
417;28
429;28
435;28
471;28
479;28
482;28
515;28
520;28
524;28
564;28
568;28
576;28
577;28
604;28
627;28
629;28
655;28
691;28
697;28
718;28
734;28
764;28
769;28
773;28
779;28
804;28
815;28
822;28
831;28
836;28
843;28
846;28
848;28
870;28
918;28
927;28
929;28
938;28
945;28
956;28
961;28
984;28
986;28
1034;28
1036;28
1054;28
1057;28
1085;28
1087;28
1104;28
1150;28
1169;28
1174;28
1217;28
1219;28
1228;28
1233;28
1240;28
1255;28
1256;28
1262;28
1268;28
1269;28
1270;28
1272;28
1329;28
1363;28
1365;28
1372;28
1391;28
1416;28
1428;28
1461;28
1463;28
1492;28
1512;28
1537;28
1539;28
1561;28
1579;28
1582;28
1598;28
1623;28
1624;28
1634;28
1648;28
1673;28
1686;28
1689;28
1708;28
1718;28
1723;28
1737;28
1749;28
1764;28
1792;28
1798;28
1801;28
1837;28
1863;28
1864;28
1880;28
1888;28
1915;28
1934;28
1935;28
1967;28
1973;28
1977;28
1989;28
90;29
114;29
125;29
131;29
160;29
190;29
235;29
250;29
283;29
294;29
296;29
329;29
348;29
358;29
360;29
370;29
374;29
445;29
477;29
481;29
505;29
510;29
533;29
560;29
581;29
662;29
665;29
701;29
717;29
719;29
783;29
799;29
828;29
862;29
921;29
945;29
999;29
1050;29
1053;29
1070;29
1092;29
1094;29
1108;29
1179;29
1180;29
1185;29
1187;29
1194;29
1203;29
1215;29
1227;29
1369;29
1436;29
1467;29
1468;29
1525;29
1538;29
1820;29
1840;29
1895;29
1941;29
1965;29
1;30
7;30
20;30
25;30
40;30
48;30
49;30
50;30
63;30
71;30
78;30
91;30
95;30
119;30
144;30
147;30
157;30
175;30
231;30
284;30
288;30
291;30
293;30
343;30
345;30
351;30
362;30
371;30
376;30
404;30
427;30
432;30
467;30
506;30
516;30
536;30
544;30
555;30
689;30
693;30
702;30
711;30
713;30
788;30
798;30
839;30
841;30
854;30
855;30
869;30
883;30
887;30
914;30
916;30
928;30
943;30
968;30
1000;30
1004;30
1073;30
1091;30
1107;30
1119;30
1140;30
1159;30
1203;30
1212;30
1216;30
1223;30
1287;30
1322;30
1357;30
1369;30
1383;30
1409;30
1417;30
1429;30
1452;30
1482;30
1494;30
1576;30
1636;30
1657;30
1670;30
1766;30
1770;30
1794;30
1813;30
1823;30
1834;30
1883;30
1913;30
1928;30
5;31
8;31
9;31
14;31
18;31
30;31
80;31
97;31
113;31
117;31
142;31
148;31
152;31
177;31
183;31
186;31
196;31
205;31
207;31
208;31
211;31
216;31
225;31
237;31
248;31
262;31
298;31
308;31
319;31
352;31
357;31
375;31
392;31
421;31
424;31
438;31
450;31
465;31
466;31
500;31
505;31
511;31
514;31
534;31
543;31
547;31
553;31
559;31
582;31
600;31
613;31
614;31
618;31
663;31
667;31
673;31
683;31
690;31
703;31
726;31
731;31
742;31
756;31
776;31
782;31
784;31
805;31
810;31
812;31
844;31
851;31
862;31
884;31
896;31
897;31
902;31
919;31
924;31
941;31
944;31
946;31
958;31
974;31
982;31
988;31
994;31
1009;31
1012;31
1014;31
1058;31
1065;31
1094;31
1108;31
1131;31
1133;31
1141;31
1164;31
1170;31
1180;31
1185;31
1195;31
1211;31
1221;31
1260;31
1263;31
1273;31
1277;31
1278;31
1279;31
1295;31
1306;31
1310;31
1315;31
1319;31
1328;31
1330;31
1370;31
1403;31
1412;31
1426;31
1434;31
1436;31
1439;31
1446;31
1460;31
1474;31
1480;31
1488;31
1496;31
1507;31
1545;31
1568;31
1589;31
1591;31
1594;31
1610;31
1625;31
1645;31
1677;31
1694;31
1698;31
1701;31
1705;31
1724;31
1796;31
1802;31
1807;31
1841;31
1843;31
1845;31
1862;31
1865;31
1866;31
1875;31
1876;31
1900;31
1901;31
1909;31
1927;31
1938;31
1945;31
1958;31
1959;31
1964;31
1972;31
1976;31
1991;31
1995;31
1999;31
4;32
12;32
22;32
23;32
53;32
62;32
69;32
80;32
84;32
86;32
126;32
196;32
211;32
213;32
261;32
274;32
342;32
381;32
392;32
424;32
438;32
441;32
459;32
478;32
495;32
498;32
500;32
502;32
511;32
526;32
532;32
539;32
549;32
560;32
566;32
578;32
582;32
583;32
590;32
594;32
598;32
609;32
614;32
617;32
630;32
634;32
667;32
682;32
683;32
698;32
716;32
725;32
731;32
735;32
736;32
741;32
759;32
765;32
805;32
853;32
868;32
870;32
924;32
925;32
941;32
961;32
966;32
967;32
982;32
987;32
996;32
1013;32
1027;32
1055;32
1056;32
1060;32
1067;32
1069;32
1089;32
1102;32
1106;32
1131;32
1144;32
1155;32
1163;32
1184;32
1189;32
1191;32
1211;32
1221;32
1242;32
1257;32
1276;32
1295;32
1309;32
1328;32
1358;32
1399;32
1400;32
1414;32
1426;32
1438;32
1487;32
1488;32
1490;32
1512;32
1524;32
1527;32
1529;32
1535;32
1544;32
1562;32
1568;32
1573;32
1594;32
1597;32
1617;32
1643;32
1648;32
1671;32
1695;32
1709;32
1727;32
1732;32
1740;32
1784;32
1786;32
1796;32
1815;32
1838;32
1844;32
1857;32
1861;32
1862;32
1868;32
1869;32
1870;32
1876;32
1877;32
1878;32
1882;32
1895;32
1930;32
1958;32
23;33
29;33
53;33
69;33
86;33
104;33
126;33
132;33
145;33
189;33
193;33
207;33
229;33
242;33
274;33
332;33
338;33
379;33
406;33
431;33
461;33
488;33
502;33
527;33
532;33
534;33
557;33
583;33
590;33
604;33
609;33
655;33
687;33
716;33
725;33
741;33
759;33
763;33
779;33
781;33
797;33
802;33
847;33
848;33
853;33
918;33
922;33
925;33
929;33
961;33
966;33
984;33
1027;33
1034;33
1044;33
1060;33
1089;33
1102;33
1129;33
1182;33
1207;33
1242;33
1270;33
1275;33
1276;33
1305;33
1341;33
1348;33
1367;33
1380;33
1399;33
1416;33
1437;33
1461;33
1490;33
1502;33
1509;33
1524;33
1527;33
1529;33
1530;33
1533;33
1557;33
1561;33
1573;33
1602;33
1606;33
1624;33
1643;33
1676;33
1690;33
1708;33
1717;33
1723;33
1757;33
1764;33
1786;33
1788;33
1808;33
1853;33
1867;33
1878;33
1911;33
1946;33
1952;33
1969;33
1994;33
4;34
8;34
12;34
19;34
22;34
32;34
37;34
39;34
46;34
53;34
60;34
62;34
64;34
69;34
80;34
84;34
86;34
97;34
98;34
111;34
120;34
132;34
136;34
143;34
152;34
159;34
162;34
167;34
168;34
169;34
189;34
192;34
193;34
198;34
205;34
207;34
208;34
213;34
220;34
232;34
234;34
236;34
241;34
246;34
259;34
260;34
261;34
273;34
274;34
290;34
298;34
310;34
314;34
328;34
331;34
332;34
338;34
342;34
344;34
346;34
379;34
381;34
385;34
392;34
393;34
395;34
396;34
400;34
403;34
405;34
414;34
419;34
420;34
431;34
434;34
459;34
460;34
461;34
463;34
478;34
486;34
488;34
495;34
498;34
502;34
511;34
522;34
526;34
532;34
533;34
535;34
538;34
539;34
542;34
549;34
557;34
567;34
578;34
587;34
590;34
594;34
598;34
608;34
609;34
622;34
624;34
626;34
630;34
647;34
656;34
660;34
679;34
682;34
684;34
685;34
698;34
700;34
709;34
710;34
716;34
725;34
731;34
735;34
736;34
743;34
747;34
759;34
760;34
763;34
765;34
803;34
814;34
817;34
820;34
825;34
835;34
843;34
848;34
861;34
866;34
868;34
870;34
871;34
874;34
904;34
919;34
924;34
925;34
940;34
941;34
952;34
953;34
961;34
967;34
984;34
987;34
1005;34
1007;34
1013;34
1016;34
1019;34
1021;34
1027;34
1032;34
1037;34
1046;34
1052;34
1055;34
1060;34
1067;34
1069;34
1082;34
1088;34
1089;34
1096;34
1097;34
1099;34
1102;34
1106;34
1109;34
1144;34
1148;34
1154;34
1155;34
1163;34
1184;34
1189;34
1202;34
1206;34
1208;34
1211;34
1225;34
1226;34
1242;34
1254;34
1257;34
1282;34
1290;34
1291;34
1293;34
1307;34
1309;34
1318;34
1338;34
1347;34
1349;34
1354;34
1358;34
1361;34
1384;34
1388;34
1397;34
1399;34
1400;34
1414;34
1431;34
1433;34
1437;34
1438;34
1443;34
1444;34
1447;34
1453;34
1485;34
1486;34
1488;34
1509;34
1513;34
1523;34
1524;34
1527;34
1528;34
1529;34
1531;34
1562;34
1573;34
1589;34
1590;34
1600;34
1619;34
1628;34
1631;34
1642;34
1643;34
1644;34
1654;34
1668;34
1678;34
1680;34
1683;34
1690;34
1701;34
1707;34
1709;34
1711;34
1724;34
1729;34
1737;34
1740;34
1757;34
1763;34
1772;34
1781;34
1784;34
1786;34
1796;34
1802;34
1815;34
1818;34
1838;34
1839;34
1842;34
1856;34
1857;34
1858;34
1861;34
1862;34
1869;34
1873;34
1876;34
1877;34
1878;34
1882;34
1884;34
1892;34
1894;34
1895;34
1897;34
1904;34
1906;34
1919;34
1933;34
1937;34
1959;34
1979;34
1986;34
1994;34
87;35
115;35
155;35
156;35
223;35
256;35
271;35
275;35
286;35
297;35
334;35
336;35
412;35
429;35
435;35
437;35
464;35
471;35
479;35
504;35
519;35
579;35
580;35
588;35
601;35
639;35
655;35
675;35
676;35
697;35
712;35
730;35
734;35
749;35
779;35
785;35
833;35
834;35
843;35
846;35
850;35
864;35
891;35
893;35
938;35
970;35
986;35
997;35
1021;35
1036;35
1039;35
1059;35
1076;35
1087;35
1150;35
1161;35
1162;35
1169;35
1219;35
1228;35
1240;35
1246;35
1255;35
1262;35
1270;35
1272;35
1280;35
1365;35
1367;35
1444;35
1461;35
1492;35
1561;35
1564;35
1572;35
1611;35
1635;35
1647;35
1662;35
1665;35
1680;35
1704;35
1718;35
1720;35
1736;35
1739;35
1749;35
1753;35
1792;35
1799;35
1801;35
1829;35
1848;35
1899;35
1905;35
1935;35
1942;35
1950;35
1970;35
1998;35
234;36
253;36
302;36
336;36
359;36
389;36
394;36
429;36
437;36
496;36
577;36
637;36
679;36
682;36
694;36
730;36
761;36
787;36
800;36
831;36
888;36
927;36
932;36
933;36
969;36
981;36
986;36
989;36
1039;36
1072;36
1076;36
1083;36
1097;36
1100;36
1169;36
1233;36
1259;36
1262;36
1272;36
1297;36
1308;36
1421;36
1428;36
1451;36
1456;36
1495;36
1499;36
1568;36
1611;36
1634;36
1689;36
1699;36
1707;36
1720;36
1823;36
1829;36
1880;36
1890;36
1913;36
1934;36
1951;36
1968;36
1970;36
1978;36
46;37
268;37
303;37
314;37
395;37
591;37
660;37
822;37
925;37
1052;37
1063;37
1152;37
1208;37
1238;37
1256;37
1282;37
1304;37
1309;37
1372;37
1384;37
1447;37
1529;37
1623;37
1654;37
1726;37
1958;37
1960;37
5;38
6;38
14;38
44;38
51;38
63;38
118;38
142;38
176;38
205;38
221;38
225;38
256;38
308;38
319;38
349;38
357;38
373;38
377;38
421;38
450;38
480;38
505;38
538;38
547;38
607;38
613;38
632;38
671;38
688;38
690;38
697;38
703;38
710;38
726;38
740;38
747;38
782;38
784;38
826;38
840;38
844;38
897;38
936;38
946;38
988;38
991;38
1012;38
1030;38
1094;38
1108;38
1118;38
1166;38
1180;38
1182;38
1291;38
1315;38
1409;38
1436;38
1446;38
1460;38
1528;38
1538;38
1544;38
1577;38
1592;38
1684;38
1685;38
1690;38
1694;38
1787;38
1801;38
1803;38
1888;38
1900;38
1909;38
1927;38
1931;38
1952;38
256;39
297;39
334;39
336;39
356;39
412;39
420;39
588;39
637;39
648;39
675;39
708;39
730;39
749;39
834;39
846;39
847;39
867;39
1021;39
1036;39
1076;39
1129;39
1137;39
1236;39
1245;39
1280;39
1289;39
1379;39
1444;39
1476;39
1537;39
1551;39
1557;39
1572;39
1647;39
1665;39
1674;39
1680;39
1714;39
1716;39
1727;39
1740;39
1803;39
1886;39
1899;39
1905;39
1935;39
1950;39
1973;39
232;40
359;40
800;40
1308;40
1541;40
216;41
370;41
400;41
505;41
783;41
902;41
1094;41
1108;41
1180;41
1436;41
1479;41
1688;41
1840;41
29;42
46;42
81;42
145;42
167;42
180;42
196;42
353;42
403;42
438;42
614;42
630;42
696;42
747;42
760;42
765;42
805;42
817;42
904;42
993;42
1052;42
1163;42
1225;42
1282;42
1324;42
1402;42
1406;42
1488;42
1513;42
1690;42
1802;42
1969;42
475;43
624;43
1854;43
1;44
20;44
125;44
137;44
192;44
226;44
295;44
302;44
322;44
343;44
351;44
400;44
457;44
462;44
474;44
501;44
593;44
599;44
633;44
637;44
693;44
755;44
778;44
854;44
942;44
948;44
1004;44
1031;44
1051;44
1120;44
1132;44
1140;44
1159;44
1191;44
1220;44
1239;44
1249;44
1352;44
1369;44
1378;44
1415;44
1497;44
1526;44
1556;44
1569;44
1657;44
1669;44
1679;44
1735;44
1791;44
1813;44
1816;44
1833;44
1855;44
1914;44
5;45
30;45
44;45
51;45
142;45
148;45
205;45
217;45
221;45
223;45
225;45
319;45
369;45
373;45
389;45
402;45
410;45
421;45
435;45
478;45
480;45
493;45
505;45
537;45
538;45
572;45
588;45
595;45
662;45
683;45
686;45
690;45
726;45
746;45
747;45
784;45
808;45
826;45
844;45
862;45
863;45
906;45
936;45
1021;45
1026;45
1053;45
1094;45
1108;45
1169;45
1180;45
1181;45
1228;45
1280;45
1291;45
1436;45
1446;45
1468;45
1513;45
1515;45
1544;45
1548;45
1561;45
1596;45
1610;45
1624;45
1626;45
1638;45
1680;45
1684;45
1694;45
1728;45
1787;45
1803;45
1830;45
1832;45
1931;45
1;46
20;46
51;46
65;46
116;46
119;46
135;46
137;46
153;46
188;46
219;46
284;46
293;46
366;46
404;46
417;46
514;46
515;46
593;46
633;46
688;46
718;46
746;46
797;46
844;46
943;46
1065;46
1071;46
1165;46
1174;46
1182;46
1185;46
1328;46
1350;46
1403;46
1436;46
1480;46
1512;46
1517;46
1577;46
1579;46
1791;46
1945;46
1999;46
51;47
56;47
115;47
118;47
156;47
223;47
252;47
256;47
265;47
303;47
318;47
398;47
435;47
479;47
515;47
517;47
818;47
847;47
868;47
870;47
897;47
956;47
1036;47
1129;47
1164;47
1169;47
1177;47
1182;47
1256;47
1547;47
1557;47
1579;47
1582;47
1594;47
1748;47
1935;47
1952;47
519;48
557;48
850;48
866;48
874;48
997;48
1085;48
1145;48
1158;48
1207;48
1237;48
1248;48
1253;48
1259;48
1271;48
1292;48
1308;48
1329;48
1431;48
1445;48
1451;48
1611;48
1629;48
1715;48
1720;48
1730;48
1765;48
1887;48
1939;48
26;49
41;49
50;49
64;49
78;49
79;49
128;49
158;49
179;49
190;49
234;49
260;49
294;49
301;49
327;49
348;49
349;49
361;49
375;49
377;49
382;49
400;49
426;49
471;49
477;49
518;49
561;49
569;49
578;49
581;49
605;49
619;49
621;49
635;49
657;49
662;49
668;49
695;49
699;49
719;49
792;49
793;49
851;49
859;49
891;49
916;49
947;49
948;49
999;49
1004;49
1024;49
1037;49
1074;49
1096;49
1132;49
1140;49
1175;49
1191;49
1202;49
1222;49
1231;49
1260;49
1290;49
1346;49
1378;49
1390;49
1394;49
1398;49
1466;49
1473;49
1521;49
1545;49
1559;49
1560;49
1568;49
1574;49
1585;49
1588;49
1604;49
1614;49
1618;49
1678;49
1727;49
1743;49
1781;49
1788;49
1812;49
1861;49
1898;49
1902;49
1936;49
1966;49
1971;49
1991;49
579;50
610;50
1381;50
1425;50
632;51
1328;51
1330;51
1999;51
398;52
634;52
761;52
781;52
888;52
1445;52
1486;52
1621;52
1624;52
1629;52
1671;52
1717;52
1748;52
69;53
87;53
188;53
271;53
272;53
309;53
320;53
383;53
417;53
429;53
515;53
524;53
577;53
590;53
638;53
718;53
769;53
773;53
1054;53
1057;53
1104;53
1174;53
1182;53
1217;53
1240;53
1269;53
1372;53
1416;53
1437;53
1449;53
1461;53
1463;53
1537;53
1561;53
1579;53
1637;53
1837;53
1864;53
1896;53
1915;53
1952;53
1998;53
108;54
181;54
222;54
307;54
494;54
597;54
652;54
661;54
664;54
739;54
748;54
1123;54
1129;54
1138;54
1395;54
1549;54
1558;54
1592;54
1851;54
1891;54
1912;54
1982;54
1989;54
20;55
35;55
44;55
51;55
96;55
170;55
221;55
494;55
528;55
548;55
597;55
632;55
739;55
783;55
841;55
896;55
957;55
1066;55
1200;55
1267;55
1346;55
1481;55
1534;55
1611;55
1635;55
1691;55
1753;55
1944;55
36;56
93;56
112;56
123;56
132;56
163;56
165;56
195;56
327;56
331;56
375;56
446;56
453;56
462;56
489;56
578;56
672;56
722;56
816;56
1048;56
1075;56
1252;56
1258;56
1369;56
1375;56
1425;56
1475;56
1534;56
1575;56
1588;56
1655;56
1673;56
1819;56
1822;56
1856;56
1988;56
256;57
297;57
378;57
398;57
415;57
435;57
490;57
494;57
567;57
579;57
704;57
739;57
815;57
818;57
935;57
937;57
945;57
971;57
1010;57
1077;57
1078;57
1092;57
1093;57
1097;57
1098;57
1149;57
1169;57
1234;57
1332;57
1339;57
1342;57
1345;57
1367;57
1371;57
1389;57
1397;57
1457;57
1582;57
1743;57
1749;57
1765;57
1884;57
1919;57
11;58
41;58
60;58
62;58
69;58
70;58
86;58
92;58
117;58
123;58
124;58
148;58
159;58
186;58
207;58
241;58
245;58
260;58
273;58
292;58
298;58
299;58
388;58
418;58
419;58
426;58
431;58
441;58
468;58
488;58
500;58
522;58
533;58
535;58
568;58
578;58
585;58
645;58
652;58
744;58
756;58
758;58
792;58
819;58
901;58
904;58
1046;58
1096;58
1129;58
1193;58
1209;58
1210;58
1289;58
1297;58
1303;58
1329;58
1340;58
1351;58
1364;58
1380;58
1407;58
1435;58
1476;58
1509;58
1557;58
1560;58
1566;58
1714;58
1776;58
1811;58
1819;58
1825;58
1921;58
1933;58
1994;58
5;59
7;59
8;59
11;59
13;59
16;59
18;59
19;59
30;59
33;59
55;59
59;59
97;59
111;59
125;59
127;59
160;59
171;59
175;59
191;59
208;59
228;59
231;59
233;59
236;59
280;59
287;59
300;59
307;59
315;59
319;59
340;59
354;59
363;59
365;59
393;59
396;59
416;59
425;59
441;59
442;59
448;59
467;59
485;59
492;59
509;59
525;59
533;59
553;59
622;59
657;59
664;59
667;59
669;59
670;59
680;59
683;59
690;59
710;59
720;59
721;59
724;59
744;59
753;59
754;59
757;59
778;59
807;59
829;59
872;59
879;59
902;59
914;59
928;59
936;59
942;59
996;59
1003;59
1025;59
1043;59
1066;59
1086;59
1091;59
1117;59
1123;59
1127;59
1138;59
1143;59
1147;59
1187;59
1202;59
1203;59
1218;59
1239;59
1241;59
1273;59
1279;59
1286;59
1294;59
1298;59
1301;59
1302;59
1303;59
1325;59
1335;59
1371;59
1373;59
1392;59
1396;59
1404;59
1446;59
1464;59
1491;59
1508;59
1518;59
1556;59
1571;59
1619;59
1627;59
1636;59
1639;59
1678;59
1693;59
1730;59
1734;59
1747;59
1752;59
1779;59
1793;59
1805;59
1819;59
1840;59
1841;59
1851;59
1900;59
1909;59
1921;59
1922;59
1931;59
1933;59
1981;59
1982;59
25;60
62;60
69;60
110;60
139;60
172;60
175;60
179;60
184;60
209;60
214;60
219;60
227;60
254;60
315;60
330;60
340;60
372;60
394;60
403;60
407;60
481;60
483;60
515;60
570;60
573;60
577;60
590;60
615;60
644;60
647;60
649;60
665;60
666;60
679;60
680;60
694;60
751;60
770;60
787;60
831;60
879;60
888;60
890;60
895;60
927;60
932;60
969;60
981;60
1071;60
1100;60
1123;60
1139;60
1176;60
1214;60
1217;60
1233;60
1256;60
1268;60
1281;60
1286;60
1297;60
1307;60
1335;60
1355;60
1363;60
1365;60
1379;60
1385;60
1386;60
1414;60
1420;60
1428;60
1456;60
1462;60
1469;60
1495;60
1539;60
1541;60
1547;60
1579;60
1588;60
1634;60
1641;60
1651;60
1689;60
1693;60
1696;60
1697;60
1707;60
1708;60
1714;60
1723;60
1771;60
1800;60
1813;60
1823;60
1826;60
1827;60
1852;60
1856;60
1863;60
1880;60
1913;60
1915;60
1918;60
1922;60
1923;60
1926;60
1934;60
1948;60
1968;60
1973;60
1978;60
1983;60
1985;60
25;61
43;61
52;61
57;61
61;61
70;61
75;61
83;61
95;61
191;61
239;61
266;61
284;61
294;61
306;61
376;61
402;61
425;61
436;61
451;61
467;61
503;61
537;61
554;61
646;61
668;61
689;61
692;61
707;61
715;61
732;61
757;61
791;61
809;61
830;61
876;61
892;61
906;61
907;61
1002;61
1011;61
1028;61
1066;61
1068;61
1077;61
1091;61
1098;61
1125;61
1136;61
1147;61
1176;61
1212;61
1224;61
1318;61
1371;61
1464;61
1508;61
1608;61
1614;61
1659;61
1731;61
1797;61
1828;61
1910;61
1961;61
1992;61
197;62
411;62
440;62
676;62
712;62
745;62
815;62
877;62
926;62
950;62
956;62
960;62
963;62
1042;62
1093;62
1214;62
1274;62
1321;62
1331;62
1393;62
1425;62
1448;62
1478;62
1505;62
1599;62
1604;62
1613;62
1746;62
1814;62
1881;62
1923;62
37;63
84;63
206;63
226;63
293;63
331;63
340;63
344;63
360;63
372;63
397;63
410;63
433;63
667;63
735;63
759;63
762;63
930;63
982;63
989;63
1011;63
1069;63
1099;63
1109;63
1131;63
1156;63
1192;63
1241;63
1283;63
1410;63
1414;63
1436;63
1476;63
1487;63
1523;63
1562;63
1641;63
1643;63
1683;63
1687;63
1783;63
1786;63
1815;63
1867;63
1892;63
1895;63
1904;63
1919;63
1922;63
1973;63
1986;63
1198;64
1266;64
1450;64
1593;64
1996;64
553;65
1318;65
1319;65
1403;65
1945;65
439;66
1021;66
1103;66
1392;66
1474;66
1548;66
1680;66
1830;66
45;67
278;67
341;67
434;67
437;67
476;67
519;67
598;67
630;67
674;67
738;67
765;67
857;67
955;67
1029;67
1090;67
1095;67
1101;67
1153;67
1220;67
1264;67
1438;67
1472;67
1611;67
1640;67
1882;67
6;68
8;68
10;68
29;68
31;68
53;68
69;68
111;68
132;68
136;68
138;68
145;68
180;68
188;68
189;68
205;68
208;68
225;68
273;68
325;68
331;68
338;68
352;68
353;68
375;68
379;68
419;68
422;68
443;68
461;68
488;68
515;68
520;68
522;68
527;68
535;68
538;68
567;68
588;68
604;68
629;68
681;68
717;68
726;68
731;68
736;68
747;68
763;68
764;68
787;68
804;68
848;68
898;68
901;68
922;68
923;68
950;68
967;68
976;68
1017;68
1045;68
1046;68
1104;68
1182;68
1190;68
1229;68
1242;68
1253;68
1280;68
1294;68
1380;68
1416;68
1424;68
1426;68
1463;68
1513;68
1539;68
1579;68
1622;68
1627;68
1714;68
1802;68
1819;68
1831;68
1952;68
1969;68
1994;68
1865;69
1;70
3;70
5;70
7;70
13;70
15;70
17;70
21;70
25;70
26;70
27;70
33;70
52;70
55;70
57;70
59;70
61;70
63;70
70;70
78;70
82;70
83;70
88;70
89;70
96;70
102;70
103;70
106;70
107;70
109;70
112;70
114;70
122;70
125;70
130;70
133;70
139;70
160;70
163;70
164;70
178;70
181;70
191;70
195;70
199;70
204;70
210;70
212;70
215;70
228;70
231;70
235;70
238;70
257;70
263;70
267;70
281;70
284;70
288;70
293;70
305;70
312;70
326;70
345;70
347;70
351;70
368;70
369;70
371;70
374;70
397;70
402;70
404;70
408;70
427;70
428;70
449;70
454;70
455;70
457;70
467;70
487;70
493;70
512;70
525;70
536;70
548;70
554;70
572;70
575;70
591;70
602;70
605;70
632;70
641;70
648;70
650;70
662;70
668;70
688;70
693;70
702;70
720;70
728;70
732;70
750;70
756;70
766;70
775;70
796;70
797;70
811;70
813;70
838;70
852;70
886;70
889;70
915;70
917;70
935;70
942;70
962;70
972;70
992;70
1000;70
1008;70
1031;70
1050;70
1066;70
1110;70
1125;70
1127;70
1146;70
1171;70
1194;70
1212;70
1223;70
1230;70
1263;70
1273;70
1294;70
1318;70
1350;70
1413;70
1436;70
1454;70
1479;70
1508;70
1532;70
1552;70
1571;70
1601;70
1610;70
1636;70
1659;70
1661;70
1675;70
1684;70
1687;70
1691;70
1713;70
1758;70
1778;70
1812;70
1820;70
1891;70
1912;70
1931;70
1965;70
1976;70
1983;70
2;71
67;71
584;71
845;71
911;71
942;71
1716;71
1821;71
3;72
21;72
28;72
29;72
35;72
37;72
41;72
42;72
62;72
81;72
109;72
117;72
134;72
145;72
150;72
166;72
170;72
180;72
199;72
201;72
209;72
210;72
223;72
256;72
281;72
285;72
316;72
325;72
335;72
353;72
355;72
367;72
386;72
415;72
435;72
454;72
464;72
482;72
490;72
494;72
500;72
529;72
545;72
553;72
558;72
561;72
564;72
567;72
570;72
588;72
597;72
629;72
645;72
651;72
655;72
656;72
685;72
697;72
706;72
723;72
733;72
739;72
744;72
747;72
752;72
763;72
764;72
779;72
835;72
846;72
871;72
905;72
908;72
915;72
929;72
931;72
949;72
951;72
955;72
956;72
983;72
997;72
1008;72
1018;72
1026;72
1054;72
1055;72
1059;72
1077;72
1098;72
1113;72
1118;72
1128;72
1134;72
1137;72
1146;72
1162;72
1169;72
1173;72
1177;72
1186;72
1210;72
1228;72
1245;72
1246;72
1253;72
1270;72
1280;72
1293;72
1329;72
1332;72
1339;72
1347;72
1364;72
1368;72
1387;72
1388;72
1398;72
1414;72
1419;72
1423;72
1435;72
1440;72
1451;72
1457;72
1485;72
1492;72
1497;72
1505;72
1510;72
1511;72
1515;72
1523;72
1530;72
1536;72
1548;72
1551;72
1559;72
1561;72
1563;72
1566;72
1589;72
1590;72
1612;72
1644;72
1664;72
1666;72
1674;72
1680;72
1686;72
1690;72
1703;72
1704;72
1715;72
1737;72
1741;72
1746;72
1749;72
1750;72
1754;72
1755;72
1762;72
1764;72
1774;72
1776;72
1790;72
1801;72
1802;72
1812;72
1814;72
1825;72
1847;72
1850;72
1858;72
1860;72
1919;72
1946;72
1970;72
1987;72
4;73
5;73
7;73
9;73
12;73
13;73
18;73
22;73
28;73
29;73
38;73
39;73
55;73
62;73
64;73
67;73
69;73
79;73
80;73
85;73
88;73
97;73
105;73
106;73
110;73
111;73
113;73
117;73
118;73
121;73
123;73
126;73
136;73
142;73
145;73
149;73
150;73
158;73
164;73
175;73
185;73
192;73
202;73
206;73
213;73
217;73
218;73
222;73
259;73
289;73
302;73
305;73
311;73
317;73
327;73
337;73
342;73
348;73
350;73
359;73
360;73
363;73
364;73
375;73
378;73
381;73
389;73
391;73
392;73
397;73
402;73
410;73
427;73
433;73
467;73
475;73
489;73
495;73
508;73
525;73
526;73
532;73
549;73
561;73
566;73
578;73
583;73
590;73
594;73
609;73
617;73
621;73
626;73
628;73
637;73
662;73
663;73
667;73
672;73
683;73
691;73
694;73
698;73
702;73
708;73
714;73
719;73
722;73
729;73
733;73
741;73
743;73
752;73
759;73
762;73
781;73
787;73
800;73
802;73
804;73
823;73
825;73
832;73
853;73
857;73
860;73
865;73
866;73
871;73
880;73
881;73
891;73
894;73
898;73
910;73
921;73
928;73
932;73
937;73
954;73
967;73
969;73
971;73
979;73
981;73
983;73
1005;73
1007;73
1008;73
1016;73
1031;73
1041;73
1060;73
1081;73
1099;73
1106;73
1109;73
1142;73
1171;73
1175;73
1181;73
1196;73
1201;73
1226;73
1248;73
1249;73
1255;73
1283;73
1285;73
1297;73
1307;73
1323;73
1327;73
1345;73
1347;73
1348;73
1358;73
1382;73
1399;73
1400;73
1423;73
1431;73
1436;73
1443;73
1444;73
1459;73
1465;73
1486;73
1490;73
1492;73
1495;73
1509;73
1522;73
1529;73
1547;73
1565;73
1569;73
1580;73
1582;73
1596;73
1597;73
1603;73
1605;73
1610;73
1617;73
1620;73
1621;73
1624;73
1632;73
1644;73
1656;73
1681;73
1683;73
1703;73
1713;73
1719;73
1728;73
1733;73
1765;73
1772;73
1777;73
1784;73
1802;73
1838;73
1842;73
1851;73
1856;73
1869;73
1871;73
1898;73
1902;73
1929;73
1950;73
1953;73
1968;73
1973;73
1981;73
6;74
8;74
10;74
29;74
31;74
53;74
69;74
111;74
132;74
136;74
138;74
145;74
180;74
188;74
189;74
205;74
208;74
225;74
273;74
325;74
331;74
338;74
352;74
353;74
375;74
379;74
419;74
422;74
443;74
461;74
488;74
515;74
520;74
522;74
527;74
535;74
538;74
567;74
588;74
604;74
629;74
681;74
717;74
726;74
731;74
736;74
747;74
763;74
764;74
787;74
804;74
848;74
898;74
901;74
922;74
923;74
950;74
967;74
976;74
1017;74
1045;74
1046;74
1104;74
1182;74
1190;74
1229;74
1242;74
1253;74
1280;74
1294;74
1380;74
1416;74
1424;74
1426;74
1463;74
1513;74
1539;74
1579;74
1622;74
1714;74
1802;74
1819;74
1831;74
1952;74
1969;74
1994;74
4;75
8;75
12;75
19;75
22;75
32;75
37;75
39;75
46;75
53;75
60;75
62;75
64;75
69;75
80;75
84;75
86;75
97;75
98;75
111;75
120;75
132;75
136;75
143;75
152;75
159;75
162;75
167;75
168;75
169;75
189;75
192;75
193;75
198;75
205;75
207;75
208;75
213;75
220;75
232;75
234;75
241;75
246;75
259;75
260;75
261;75
273;75
274;75
290;75
298;75
310;75
314;75
328;75
331;75
332;75
338;75
342;75
344;75
346;75
379;75
381;75
385;75
392;75
393;75
395;75
396;75
400;75
403;75
405;75
414;75
419;75
420;75
431;75
434;75
459;75
460;75
461;75
463;75
478;75
486;75
488;75
495;75
498;75
522;75
526;75
532;75
533;75
535;75
538;75
539;75
542;75
549;75
557;75
567;75
578;75
587;75
590;75
594;75
598;75
608;75
609;75
622;75
624;75
626;75
630;75
647;75
656;75
660;75
684;75
685;75
698;75
700;75
709;75
710;75
716;75
731;75
736;75
743;75
747;75
759;75
760;75
763;75
765;75
803;75
814;75
817;75
820;75
825;75
835;75
843;75
848;75
861;75
866;75
868;75
870;75
871;75
874;75
904;75
919;75
925;75
940;75
952;75
953;75
961;75
967;75
984;75
987;75
1007;75
1016;75
1019;75
1021;75
1032;75
1037;75
1046;75
1052;75
1055;75
1060;75
1067;75
1082;75
1088;75
1089;75
1096;75
1097;75
1099;75
1102;75
1106;75
1109;75
1144;75
1148;75
1154;75
1155;75
1163;75
1184;75
1189;75
1202;75
1206;75
1208;75
1225;75
1226;75
1242;75
1254;75
1282;75
1290;75
1291;75
1293;75
1307;75
1309;75
1318;75
1338;75
1347;75
1349;75
1354;75
1358;75
1361;75
1384;75
1388;75
1397;75
1399;75
1400;75
1414;75
1431;75
1433;75
1437;75
1438;75
1443;75
1444;75
1447;75
1453;75
1485;75
1486;75
1488;75
1509;75
1513;75
1523;75
1527;75
1529;75
1562;75
1573;75
1589;75
1590;75
1600;75
1619;75
1628;75
1631;75
1642;75
1643;75
1644;75
1654;75
1668;75
1678;75
1680;75
1683;75
1690;75
1701;75
1711;75
1724;75
1729;75
1737;75
1763;75
1772;75
1781;75
1784;75
1786;75
1802;75
1815;75
1818;75
1838;75
1839;75
1842;75
1856;75
1857;75
1858;75
1861;75
1869;75
1873;75
1877;75
1878;75
1884;75
1892;75
1894;75
1895;75
1897;75
1904;75
1906;75
1919;75
1933;75
1937;75
1979;75
1986;75
1994;75
9;76
80;76
118;76
193;76
196;76
202;76
220;76
229;76
352;76
383;76
422;76
438;76
439;76
463;76
478;76
486;76
489;76
520;76
614;76
656;76
675;76
683;76
758;76
760;76
764;76
786;76
805;76
850;76
867;76
901;76
903;76
925;76
953;76
993;76
1005;76
1034;76
1037;76
1211;76
1213;76
1221;76
1293;76
1300;76
1308;76
1379;76
1384;76
1392;76
1447;76
1469;76
1519;76
1535;76
1566;76
1582;76
1623;76
1656;76
1687;76
1709;76
1721;76
1808;76
1837;76
1873;76
1960;76
1977;76
1990;76
4;77
11;77
12;77
22;77
24;77
28;77
30;77
31;77
32;77
33;77
37;77
39;77
42;77
57;77
59;77
62;77
64;77
68;77
69;77
86;77
92;77
94;77
98;77
100;77
104;77
120;77
123;77
134;77
136;77
143;77
145;77
148;77
159;77
167;77
169;77
172;77
173;77
179;77
180;77
186;77
189;77
208;77
213;77
223;77
225;77
232;77
240;77
241;77
245;77
259;77
264;77
267;77
270;77
273;77
274;77
279;77
282;77
290;77
304;77
319;77
325;77
327;77
328;77
331;77
333;77
342;77
344;77
346;77
353;77
356;77
364;77
381;77
385;77
386;77
388;77
392;77
402;77
405;77
419;77
420;77
422;77
426;77
433;77
434;77
459;77
460;77
468;77
471;77
482;77
485;77
488;77
490;77
495;77
498;77
508;77
520;77
521;77
522;77
526;77
531;77
532;77
533;77
535;77
539;77
549;77
560;77
562;77
564;77
568;77
569;77
578;77
586;77
587;77
590;77
594;77
604;77
609;77
617;77
624;77
626;77
629;77
630;77
642;77
647;77
651;77
652;77
656;77
672;77
681;77
684;77
685;77
698;77
700;77
709;77
716;77
726;77
729;77
731;77
736;77
744;77
747;77
752;77
758;77
759;77
761;77
763;77
764;77
765;77
775;77
786;77
790;77
791;77
802;77
803;77
811;77
814;77
815;77
817;77
823;77
825;77
832;77
835;77
842;77
847;77
853;77
858;77
861;77
862;77
866;77
871;77
882;77
898;77
899;77
901;77
903;77
904;77
907;77
918;77
919;77
920;77
937;77
947;77
949;77
951;77
959;77
967;77
971;77
984;77
987;77
990;77
1007;77
1016;77
1018;77
1019;77
1028;77
1032;77
1045;77
1046;77
1048;77
1049;77
1051;77
1055;77
1056;77
1060;77
1081;77
1082;77
1088;77
1097;77
1099;77
1106;77
1109;77
1114;77
1121;77
1129;77
1144;77
1151;77
1154;77
1163;77
1167;77
1182;77
1186;77
1190;77
1206;77
1207;77
1222;77
1226;77
1232;77
1236;77
1241;77
1245;77
1248;77
1252;77
1254;77
1259;77
1261;77
1263;77
1265;77
1289;77
1290;77
1293;77
1303;77
1307;77
1311;77
1327;77
1329;77
1333;77
1336;77
1337;77
1338;77
1347;77
1356;77
1358;77
1359;77
1361;77
1380;77
1382;77
1384;77
1388;77
1399;77
1400;77
1402;77
1405;77
1407;77
1414;77
1419;77
1430;77
1431;77
1432;77
1433;77
1440;77
1441;77
1443;77
1444;77
1445;77
1447;77
1453;77
1457;77
1459;77
1476;77
1485;77
1486;77
1489;77
1490;77
1492;77
1513;77
1515;77
1523;77
1530;77
1535;77
1536;77
1539;77
1557;77
1560;77
1562;77
1563;77
1564;77
1566;77
1580;77
1590;77
1600;77
1602;77
1616;77
1617;77
1622;77
1631;77
1642;77
1644;77
1649;77
1668;77
1681;77
1683;77
1697;77
1711;77
1715;77
1719;77
1721;77
1724;77
1727;77
1730;77
1733;77
1747;77
1754;77
1765;77
1767;77
1768;77
1772;77
1774;77
1789;77
1802;77
1806;77
1815;77
1818;77
1825;77
1835;77
1839;77
1844;77
1856;77
1857;77
1858;77
1867;77
1868;77
1869;77
1871;77
1877;77
1878;77
1884;77
1892;77
1894;77
1899;77
1903;77
1904;77
1905;77
1906;77
1911;77
1919;77
1921;77
1926;77
1929;77
1930;77
1932;77
1946;77
1947;77
1950;77
1956;77
1969;77
1974;77
1979;77
1986;77
5;78
6;78
14;78
44;78
51;78
63;78
118;78
142;78
176;78
205;78
221;78
225;78
256;78
319;78
349;78
357;78
373;78
377;78
421;78
450;78
480;78
505;78
538;78
547;78
607;78
613;78
632;78
671;78
688;78
690;78
697;78
703;78
710;78
726;78
747;78
784;78
826;78
840;78
844;78
897;78
936;78
946;78
988;78
991;78
1012;78
1030;78
1094;78
1108;78
1118;78
1166;78
1180;78
1182;78
1291;78
1315;78
1409;78
1436;78
1446;78
1460;78
1528;78
1544;78
1577;78
1592;78
1684;78
1685;78
1690;78
1694;78
1787;78
1801;78
1803;78
1888;78
1900;78
1909;78
1927;78
1931;78
1952;78
15;79
21;79
70;79
88;79
109;79
127;79
178;79
210;79
228;79
257;79
260;79
335;79
367;79
387;79
408;79
410;79
467;79
470;79
493;79
525;79
552;79
561;79
578;79
652;79
663;79
693;79
710;79
720;79
724;79
756;79
887;79
894;79
928;79
934;79
1008;79
1015;79
1031;79
1096;79
1116;79
1122;79
1133;79
1142;79
1187;79
1202;79
1227;79
1243;79
1273;79
1294;79
1302;79
1435;79
1436;79
1501;79
1515;79
1678;79
1684;79
1691;79
1702;79
1738;79
1741;79
1842;79
1884;79
1908;79
1931;79
1933;79
1956;79
16;80
32;80
34;80
62;80
86;80
159;80
164;80
169;80
244;80
258;80
305;80
328;80
418;80
433;80
468;80
478;80
508;80
521;80
544;80
572;80
578;80
606;80
631;80
637;80
642;80
652;80
684;80
760;80
763;80
800;80
825;80
832;80
843;80
850;80
893;80
931;80
933;80
961;80
971;80
1015;80
1041;80
1049;80
1052;80
1081;80
1085;80
1088;80
1122;80
1161;80
1163;80
1173;80
1183;80
1186;80
1197;80
1227;80
1263;80
1282;80
1299;80
1305;80
1313;80
1374;80
1421;80
1452;80
1465;80
1485;80
1497;80
1509;80
1510;80
1516;80
1530;80
1536;80
1542;80
1549;80
1571;80
1582;80
1599;80
1600;80
1605;80
1607;80
1614;80
1617;80
1654;80
1660;80
1668;80
1682;80
1692;80
1725;80
1750;80
1754;80
1759;80
1769;80
1828;80
1839;80
1844;80
1877;80
1886;80
1908;80
1925;80
1947;80
1948;80
1960;80
17;81
27;81
72;81
324;81
361;81
483;81
526;81
556;81
566;81
708;81
873;81
874;81
890;81
997;81
1081;81
1083;81
1100;81
1124;81
1158;81
1271;81
1292;81
1308;81
1311;81
1326;81
1340;81
1375;81
1597;81
1826;81
1887;81
1920;81
1937;81
1963;81
20;82
35;82
44;82
51;82
96;82
170;82
221;82
494;82
528;82
548;82
597;82
632;82
739;82
841;82
957;82
1066;82
1200;82
1267;82
1346;82
1481;82
1611;82
1635;82
1691;82
1753;82
1944;82
23;83
29;83
53;83
69;83
86;83
104;83
126;83
132;83
145;83
189;83
193;83
207;83
242;83
274;83
332;83
338;83
379;83
406;83
431;83
461;83
488;83
502;83
532;83
534;83
557;83
583;83
590;83
604;83
609;83
655;83
687;83
716;83
725;83
741;83
759;83
763;83
779;83
781;83
797;83
802;83
847;83
848;83
853;83
918;83
925;83
929;83
961;83
984;83
1027;83
1034;83
1060;83
1089;83
1102;83
1129;83
1182;83
1207;83
1242;83
1270;83
1275;83
1305;83
1348;83
1380;83
1399;83
1416;83
1437;83
1461;83
1490;83
1502;83
1509;83
1524;83
1527;83
1529;83
1530;83
1557;83
1561;83
1573;83
1602;83
1606;83
1624;83
1643;83
1676;83
1690;83
1708;83
1717;83
1723;83
1757;83
1764;83
1786;83
1788;83
1853;83
1867;83
1878;83
1911;83
1946;83
1969;83
1994;83
36;84
231;84
370;84
443;84
491;84
505;84
574;84
783;84
923;84
1094;84
1108;84
1180;84
1210;84
1413;84
1700;84
1706;84
1776;84
1822;84
1864;84
5;85
7;85
9;85
13;85
18;85
38;85
55;85
85;85
88;85
97;85
105;85
106;85
110;85
113;85
118;85
142;85
149;85
164;85
175;85
185;85
192;85
202;85
217;85
218;85
289;85
302;85
317;85
359;85
378;85
389;85
391;85
427;85
475;85
489;85
637;85
663;85
667;85
683;85
702;85
708;85
743;85
860;85
865;85
881;85
894;85
910;85
954;85
979;85
1005;85
1041;85
1142;85
1171;85
1181;85
1196;85
1201;85
1249;85
1345;85
1423;85
1522;85
1565;85
1569;85
1582;85
1596;85
1603;85
1610;85
1632;85
1656;85
1713;85
1728;85
1777;85
1784;85
1842;85
1953;85
3;86
7;86
40;86
54;86
72;86
108;86
163;86
170;86
201;86
209;86
345;86
408;86
416;86
425;86
494;86
533;86
548;86
550;86
584;86
597;86
733;86
739;86
744;86
748;86
751;86
830;86
883;86
913;86
1003;86
1066;86
1128;86
1138;86
1173;86
1243;86
1286;86
1287;86
1375;86
1534;86
1563;86
1630;86
1682;86
1826;86
1851;86
1922;86
25;87
43;87
52;87
57;87
61;87
70;87
75;87
83;87
95;87
191;87
239;87
266;87
284;87
294;87
306;87
376;87
402;87
425;87
436;87
451;87
467;87
503;87
537;87
554;87
646;87
668;87
689;87
692;87
707;87
715;87
732;87
757;87
791;87
809;87
830;87
876;87
892;87
907;87
1011;87
1028;87
1066;87
1077;87
1091;87
1098;87
1125;87
1176;87
1212;87
1224;87
1318;87
1371;87
1464;87
1508;87
1608;87
1614;87
1659;87
1731;87
1797;87
1828;87
1910;87
1961;87
1992;87
45;88
278;88
341;88
434;88
437;88
476;88
519;88
598;88
630;88
674;88
738;88
765;88
857;88
955;88
1029;88
1090;88
1095;88
1101;88
1153;88
1220;88
1264;88
1438;88
1611;88
1640;88
1882;88
29;89
46;89
81;89
145;89
167;89
180;89
196;89
353;89
614;89
696;89
747;89
760;89
805;89
817;89
904;89
993;89
1163;89
1225;89
1324;89
1402;89
1406;89
1513;89
1690;89
1802;89
1969;89
1198;90
1266;90
1450;90
1593;90
1996;90
1;91
7;91
20;91
25;91
40;91
48;91
49;91
50;91
63;91
71;91
78;91
91;91
95;91
119;91
147;91
157;91
175;91
231;91
284;91
288;91
291;91
293;91
343;91
345;91
351;91
362;91
371;91
376;91
404;91
427;91
432;91
467;91
506;91
516;91
536;91
544;91
555;91
689;91
693;91
702;91
711;91
713;91
788;91
839;91
841;91
855;91
869;91
883;91
887;91
916;91
928;91
943;91
1000;91
1004;91
1073;91
1091;91
1107;91
1119;91
1140;91
1159;91
1212;91
1216;91
1223;91
1287;91
1322;91
1357;91
1369;91
1383;91
1409;91
1417;91
1452;91
1494;91
1576;91
1636;91
1657;91
1670;91
1766;91
1834;91
1928;91
21;92
42;92
50;92
102;92
109;92
161;92
210;92
228;92
260;92
281;92
293;92
312;92
367;92
374;92
386;92
402;92
428;92
448;92
449;92
454;92
456;92
469;92
483;92
487;92
509;92
525;92
545;92
561;92
564;92
574;92
629;92
728;92
750;92
807;92
852;92
869;92
915;92
935;92
972;92
977;92
1008;92
1010;92
1015;92
1018;92
1086;92
1096;92
1110;92
1112;92
1125;92
1130;92
1143;92
1224;92
1298;92
1339;92
1371;92
1373;92
1413;92
1476;92
1500;92
1501;92
1512;92
1515;92
1517;92
1575;92
1615;92
1646;92
1649;92
1661;92
1691;92
1810;92
1842;92
1908;92
1931;92
1936;92
1946;92
1966;92
51;93
56;93
115;93
118;93
156;93
223;93
252;93
256;93
265;93
303;93
318;93
398;93
435;93
479;93
515;93
818;93
847;93
868;93
870;93
897;93
956;93
1036;93
1129;93
1164;93
1169;93
1177;93
1182;93
1256;93
1547;93
1557;93
1579;93
1582;93
1594;93
1748;93
1935;93
1952;93
5;94
6;94
7;94
9;94
10;94
13;94
18;94
19;94
23;94
50;94
55;94
58;94
67;94
80;94
81;94
85;94
88;94
91;94
97;94
98;94
105;94
106;94
118;94
126;94
142;94
143;94
149;94
150;94
152;94
157;94
164;94
168;94
175;94
178;94
185;94
192;94
193;94
196;94
198;94
202;94
203;94
205;94
217;94
218;94
220;94
236;94
240;94
242;94
246;94
251;94
263;94
289;94
302;94
304;94
305;94
310;94
317;94
330;94
352;94
359;94
375;94
378;94
389;94
391;94
397;94
403;94
405;94
406;94
409;94
416;94
427;94
435;94
438;94
449;94
463;94
475;94
486;94
489;94
499;94
502;94
511;94
538;94
539;94
571;94
578;94
586;94
606;94
608;94
614;94
634;94
637;94
652;94
661;94
663;94
667;94
674;94
677;94
679;94
682;94
683;94
695;94
696;94
700;94
702;94
727;94
729;94
733;94
735;94
740;94
743;94
760;94
791;94
805;94
806;94
820;94
836;94
856;94
860;94
868;94
870;94
881;94
894;94
910;94
914;94
922;94
924;94
929;94
933;94
941;94
953;94
972;94
977;94
989;94
990;94
993;94
1000;94
1005;94
1013;94
1017;94
1028;94
1034;94
1069;94
1111;94
1129;94
1142;94
1144;94
1171;94
1181;94
1196;94
1201;94
1211;94
1213;94
1221;94
1229;94
1236;94
1249;94
1257;94
1261;94
1283;94
1289;94
1291;94
1300;94
1324;94
1342;94
1345;94
1353;94
1367;94
1370;94
1388;94
1421;94
1423;94
1465;94
1487;94
1488;94
1494;94
1509;94
1510;94
1511;94
1514;94
1519;94
1524;94
1527;94
1531;94
1544;94
1546;94
1547;94
1557;94
1558;94
1569;94
1576;94
1582;94
1587;94
1596;94
1597;94
1603;94
1610;94
1624;94
1626;94
1632;94
1638;94
1643;94
1656;94
1671;94
1676;94
1703;94
1707;94
1709;94
1713;94
1722;94
1728;94
1732;94
1770;94
1784;94
1786;94
1796;94
1800;94
1838;94
1842;94
1862;94
1871;94
1873;94
1876;94
1882;94
1896;94
1897;94
1903;94
1953;94
1959;94
1994;94
16;95
25;95
73;95
112;95
122;95
123;95
129;95
130;95
133;95
140;95
159;95
182;95
183;95
184;95
195;95
223;95
231;95
239;95
244;95
269;95
274;95
276;95
282;95
300;95
315;95
350;95
365;95
368;95
371;95
381;95
384;95
408;95
443;95
472;95
491;95
512;95
521;95
545;95
563;95
564;95
568;95
578;95
582;95
588;95
596;95
602;95
657;95
680;95
715;95
716;95
721;95
750;95
769;95
775;95
801;95
813;95
821;95
845;95
869;95
896;95
901;95
912;95
923;95
940;95
944;95
964;95
992;95
1008;95
1020;95
1026;95
1049;95
1051;95
1122;95
1133;95
1135;95
1143;95
1175;95
1185;95
1188;95
1223;95
1227;95
1241;95
1279;95
1280;95
1312;95
1314;95
1349;95
1354;95
1369;95
1378;95
1380;95
1396;95
1399;95
1413;95
1432;95
1453;95
1454;95
1470;95
1476;95
1477;95
1489;95
1528;95
1530;95
1553;95
1557;95
1562;95
1567;95
1571;95
1595;95
1628;95
1639;95
1658;95
1659;95
1661;95
1691;95
1692;95
1704;95
1729;95
1734;95
1744;95
1747;95
1759;95
1760;95
1767;95
1782;95
1806;95
1864;95
1883;95
1884;95
1899;95
1905;95
1927;95
1965;95
1966;95
1980;95
1994;95
87;96
118;96
156;96
223;96
242;96
256;96
265;96
271;96
303;96
320;96
329;96
358;96
379;96
383;96
406;96
417;96
435;96
471;96
479;96
482;96
520;96
564;96
568;96
576;96
604;96
627;96
629;96
655;96
691;96
697;96
718;96
734;96
764;96
769;96
779;96
804;96
815;96
822;96
831;96
843;96
846;96
848;96
918;96
929;96
938;96
956;96
1036;96
1054;96
1085;96
1169;96
1174;96
1217;96
1219;96
1228;96
1255;96
1256;96
1262;96
1268;96
1270;96
1329;96
1372;96
1461;96
1463;96
1492;96
1512;96
1561;96
1582;96
1623;96
1624;96
1648;96
1686;96
1723;96
1737;96
1749;96
1764;96
1798;96
1801;96
1888;96
1935;96
1973;96
1977;96
1989;96
90;97
114;97
125;97
160;97
190;97
235;97
250;97
283;97
294;97
329;97
348;97
358;97
360;97
370;97
374;97
445;97
477;97
481;97
505;97
533;97
560;97
581;97
662;97
665;97
717;97
719;97
783;97
862;97
921;97
945;97
999;97
1050;97
1053;97
1070;97
1092;97
1094;97
1108;97
1180;97
1185;97
1187;97
1194;97
1203;97
1215;97
1227;97
1369;97
1436;97
1468;97
1525;97
1538;97
1820;97
1840;97
1895;97
1941;97
1965;97
36;98
93;98
112;98
123;98
132;98
163;98
165;98
195;98
327;98
331;98
375;98
446;98
453;98
462;98
489;98
578;98
672;98
722;98
1048;98
1075;98
1252;98
1258;98
1369;98
1375;98
1425;98
1475;98
1534;98
1575;98
1588;98
1655;98
1673;98
1819;98
1822;98
1856;98
25;99
62;99
69;99
110;99
139;99
172;99
175;99
179;99
184;99
209;99
214;99
219;99
227;99
254;99
315;99
330;99
340;99
372;99
394;99
403;99
407;99
481;99
483;99
515;99
570;99
573;99
577;99
590;99
615;99
644;99
647;99
649;99
665;99
666;99
679;99
680;99
694;99
751;99
770;99
787;99
831;99
879;99
888;99
890;99
927;99
932;99
969;99
981;99
1071;99
1100;99
1123;99
1176;99
1214;99
1217;99
1233;99
1256;99
1268;99
1286;99
1297;99
1307;99
1335;99
1355;99
1363;99
1365;99
1379;99
1385;99
1386;99
1414;99
1428;99
1462;99
1469;99
1495;99
1539;99
1541;99
1547;99
1579;99
1588;99
1634;99
1641;99
1651;99
1689;99
1693;99
1696;99
1697;99
1707;99
1708;99
1714;99
1723;99
1771;99
1800;99
1813;99
1823;99
1826;99
1827;99
1856;99
1863;99
1880;99
1913;99
1915;99
1918;99
1922;99
1923;99
1926;99
1934;99
1948;99
1968;99
1973;99
1983;99
1985;99
87;100
115;100
155;100
156;100
223;100
256;100
271;100
275;100
297;100
334;100
336;100
412;100
429;100
435;100
437;100
464;100
471;100
479;100
519;100
579;100
580;100
588;100
601;100
639;100
655;100
675;100
676;100
697;100
712;100
730;100
734;100
749;100
779;100
833;100
834;100
843;100
846;100
850;100
891;100
893;100
938;100
970;100
986;100
997;100
1021;100
1036;100
1059;100
1076;100
1087;100
1150;100
1161;100
1162;100
1169;100
1219;100
1228;100
1240;100
1246;100
1255;100
1262;100
1270;100
1272;100
1280;100
1365;100
1367;100
1444;100
1461;100
1492;100
1561;100
1564;100
1572;100
1611;100
1635;100
1647;100
1665;100
1680;100
1704;100
1718;100
1720;100
1736;100
1739;100
1749;100
1753;100
1792;100
1801;100
1899;100
1905;100
1935;100
1942;100
1950;100
1970;100
1998;100
11;101
41;101
60;101
62;101
69;101
70;101
86;101
92;101
117;101
123;101
124;101
148;101
159;101
186;101
207;101
241;101
245;101
260;101
273;101
292;101
298;101
299;101
388;101
418;101
419;101
426;101
431;101
441;101
468;101
488;101
500;101
522;101
533;101
535;101
568;101
578;101
585;101
645;101
652;101
744;101
756;101
758;101
792;101
901;101
904;101
1046;101
1096;101
1129;101
1193;101
1209;101
1210;101
1289;101
1297;101
1303;101
1329;101
1340;101
1364;101
1380;101
1407;101
1435;101
1476;101
1509;101
1557;101
1560;101
1566;101
1714;101
1776;101
1811;101
1819;101
1825;101
1921;101
1933;101
1994;101
127;102
292;102
363;102
448;102
578;102
995;102
1185;102
1700;102
1811;102
26;103
41;103
50;103
64;103
78;103
79;103
128;103
158;103
179;103
190;103
234;103
260;103
294;103
301;103
327;103
348;103
349;103
361;103
375;103
377;103
382;103
400;103
426;103
471;103
477;103
518;103
561;103
569;103
578;103
605;103
619;103
621;103
657;103
662;103
668;103
699;103
719;103
792;103
891;103
916;103
947;103
948;103
1004;103
1037;103
1074;103
1096;103
1140;103
1175;103
1191;103
1202;103
1222;103
1231;103
1290;103
1346;103
1378;103
1390;103
1394;103
1398;103
1466;103
1473;103
1559;103
1560;103
1568;103
1574;103
1585;103
1604;103
1614;103
1618;103
1678;103
1727;103
1781;103
1788;103
1812;103
1861;103
1898;103
1902;103
1936;103
1966;103
1971;103
1;104
20;104
51;104
119;104
135;104
137;104
153;104
188;104
284;104
366;104
404;104
417;104
515;104
633;104
688;104
718;104
746;104
797;104
844;104
943;104
1174;104
1182;104
1185;104
1328;104
1350;104
1512;104
1517;104
1579;104
1791;104
1945;104
1999;104
5;105
30;105
44;105
51;105
142;105
148;105
205;105
217;105
221;105
223;105
225;105
319;105
369;105
373;105
389;105
402;105
410;105
421;105
435;105
478;105
480;105
493;105
537;105
538;105
572;105
588;105
595;105
662;105
683;105
686;105
690;105
726;105
747;105
784;105
808;105
826;105
844;105
862;105
863;105
906;105
1021;105
1026;105
1169;105
1181;105
1228;105
1280;105
1291;105
1436;105
1446;105
1468;105
1513;105
1515;105
1544;105
1548;105
1561;105
1596;105
1610;105
1624;105
1626;105
1638;105
1680;105
1684;105
1694;105
1728;105
1803;105
1830;105
1832;105
1931;105
1;106
137;106
144;106
153;106
295;106
322;106
542;106
589;106
603;106
623;106
633;106
643;106
755;106
774;106
778;106
793;106
854;106
909;106
943;106
1033;106
1172;106
1305;106
1316;106
1401;106
1415;106
1540;106
1556;106
1735;106
1775;106
1791;106
1816;106
1833;106
1855;106
1874;106
1923;106
1997;106
5;107
7;107
8;107
11;107
13;107
16;107
18;107
19;107
30;107
33;107
55;107
59;107
97;107
111;107
125;107
127;107
160;107
171;107
175;107
191;107
208;107
228;107
231;107
233;107
236;107
280;107
287;107
300;107
307;107
315;107
319;107
340;107
354;107
363;107
365;107
393;107
396;107
416;107
425;107
441;107
442;107
448;107
467;107
485;107
492;107
509;107
525;107
533;107
553;107
622;107
657;107
664;107
667;107
669;107
670;107
680;107
683;107
690;107
710;107
720;107
721;107
724;107
744;107
753;107
754;107
757;107
778;107
807;107
872;107
879;107
902;107
914;107
928;107
936;107
942;107
996;107
1003;107
1025;107
1043;107
1066;107
1086;107
1091;107
1117;107
1123;107
1127;107
1138;107
1143;107
1147;107
1187;107
1202;107
1203;107
1241;107
1273;107
1279;107
1286;107
1294;107
1298;107
1301;107
1302;107
1303;107
1325;107
1335;107
1371;107
1373;107
1392;107
1396;107
1404;107
1446;107
1464;107
1491;107
1508;107
1518;107
1556;107
1571;107
1619;107
1627;107
1636;107
1639;107
1678;107
1693;107
1730;107
1734;107
1747;107
1752;107
1779;107
1793;107
1805;107
1819;107
1840;107
1841;107
1851;107
1900;107
1909;107
1921;107
1922;107
1931;107
1933;107
1981;107
1982;107
177;108
211;108
262;108
415;108
465;108
517;108
536;108
543;108
559;108
690;108
776;108
782;108
812;108
818;108
851;108
884;108
958;108
974;108
1014;108
1058;108
1131;108
1141;108
1260;108
1295;108
1310;108
1412;108
1434;108
1439;108
1496;108
1545;108
1568;108
1594;108
1612;108
1645;108
1677;108
1701;108
1705;108
1807;108
1843;108
1845;108
1865;108
1866;108
1875;108
1878;108
1938;108
1964;108
1991;108
1995;108
69;109
87;109
188;109
271;109
272;109
309;109
320;109
383;109
417;109
429;109
515;109
524;109
577;109
590;109
718;109
769;109
773;109
1054;109
1057;109
1104;109
1174;109
1182;109
1217;109
1240;109
1269;109
1372;109
1416;109
1437;109
1449;109
1461;109
1463;109
1537;109
1561;109
1579;109
1637;109
1837;109
1864;109
1915;109
1952;109
196;110
361;110
421;110
482;110
520;110
568;110
614;110
764;110
843;110
868;110
905;110
1173;110
1177;110
1270;110
1621;110
1648;110
1737;110
1806;110
1989;110
197;111
411;111
440;111
676;111
712;111
745;111
815;111
877;111
926;111
950;111
956;111
960;111
963;111
1042;111
1214;111
1274;111
1321;111
1393;111
1425;111
1448;111
1478;111
1505;111
1599;111
1604;111
1613;111
1746;111
1814;111
1881;111
5;112
8;112
9;112
14;112
18;112
30;112
80;112
97;112
113;112
117;112
142;112
148;112
152;112
183;112
186;112
196;112
205;112
207;112
208;112
211;112
216;112
225;112
237;112
298;112
308;112
319;112
352;112
357;112
375;112
392;112
421;112
424;112
438;112
450;112
466;112
500;112
505;112
511;112
514;112
534;112
547;112
553;112
582;112
600;112
613;112
614;112
618;112
663;112
667;112
673;112
683;112
690;112
703;112
726;112
731;112
742;112
756;112
782;112
784;112
805;112
810;112
844;112
851;112
862;112
896;112
897;112
902;112
919;112
924;112
941;112
944;112
946;112
974;112
982;112
988;112
994;112
1009;112
1012;112
1065;112
1094;112
1108;112
1131;112
1133;112
1164;112
1180;112
1185;112
1195;112
1211;112
1221;112
1260;112
1263;112
1273;112
1277;112
1278;112
1279;112
1295;112
1306;112
1315;112
1319;112
1328;112
1330;112
1370;112
1403;112
1426;112
1436;112
1446;112
1460;112
1474;112
1480;112
1488;112
1496;112
1507;112
1545;112
1568;112
1589;112
1591;112
1594;112
1610;112
1625;112
1694;112
1698;112
1701;112
1724;112
1796;112
1802;112
1807;112
1841;112
1843;112
1862;112
1865;112
1875;112
1876;112
1900;112
1901;112
1909;112
1927;112
1938;112
1945;112
1958;112
1959;112
1964;112
1972;112
1976;112
1991;112
1999;112
216;113
400;113
505;113
783;113
902;113
1094;113
1108;113
1180;113
1436;113
1479;113
1688;113
1840;113
1;114
20;114
125;114
137;114
192;114
226;114
295;114
302;114
322;114
343;114
351;114
400;114
457;114
462;114
474;114
593;114
599;114
633;114
637;114
693;114
755;114
778;114
854;114
942;114
948;114
1004;114
1031;114
1051;114
1120;114
1132;114
1140;114
1159;114
1191;114
1220;114
1239;114
1249;114
1352;114
1369;114
1378;114
1415;114
1497;114
1526;114
1556;114
1569;114
1657;114
1679;114
1735;114
1791;114
1813;114
1816;114
1833;114
1855;114
232;115
800;115
1308;115
177;116
211;116
248;116
262;116
415;116
465;116
517;116
536;116
543;116
559;116
636;116
690;116
776;116
782;116
812;116
818;116
851;116
884;116
958;116
974;116
1014;116
1058;116
1131;116
1141;116
1185;116
1260;116
1295;116
1310;116
1412;116
1434;116
1439;116
1496;116
1545;116
1568;116
1589;116
1594;116
1612;116
1645;116
1677;116
1701;116
1705;116
1807;116
1843;116
1845;116
1865;116
1866;116
1875;116
1878;116
1938;116
1964;116
1991;116
1995;116
234;117
253;117
336;117
359;117
389;117
394;117
429;117
437;117
496;117
577;117
637;117
679;117
682;117
694;117
730;117
761;117
787;117
800;117
831;117
888;117
927;117
932;117
933;117
969;117
981;117
986;117
1039;117
1076;117
1083;117
1097;117
1100;117
1169;117
1233;117
1259;117
1262;117
1272;117
1297;117
1308;117
1421;117
1428;117
1451;117
1456;117
1495;117
1568;117
1611;117
1634;117
1689;117
1699;117
1707;117
1720;117
1823;117
1829;117
1880;117
1890;117
1913;117
1934;117
1951;117
1968;117
1970;117
1978;117
258;118
556;118
631;118
672;118
1517;118
1615;118
46;119
268;119
314;119
395;119
591;119
660;119
822;119
1052;119
1063;119
1152;119
1208;119
1238;119
1256;119
1282;119
1304;119
1309;119
1384;119
1447;119
1529;119
1623;119
1654;119
1726;119
1960;119
277;120
311;120
609;120
853;120
1148;120
1945;120
115;121
155;121
156;121
265;121
286;121
704;121
938;121
986;121
1087;121
1219;121
1251;121
1262;121
1272;121
1365;121
1564;121
1792;121
1829;121
1942;121
256;122
297;122
334;122
356;122
412;122
420;122
588;122
637;122
648;122
708;122
834;122
846;122
847;122
867;122
1021;122
1036;122
1076;122
1129;122
1137;122
1236;122
1245;122
1280;122
1289;122
1379;122
1444;122
1476;122
1537;122
1551;122
1557;122
1674;122
1680;122
1714;122
1727;122
1740;122
1803;122
1886;122
1899;122
1905;122
1935;122
1950;122
1973;122
108;123
181;123
222;123
307;123
494;123
597;123
652;123
661;123
739;123
748;123
1129;123
1138;123
1549;123
1558;123
1592;123
1851;123
1891;123
1912;123
1982;123
1989;123
318;124
337;124
815;124
860;124
963;124
1385;124
1494;124
1599;124
1917;124
121;125
258;125
261;125
341;125
437;125
473;125
519;125
631;125
634;125
635;125
856;125
914;125
1095;125
1101;125
1153;125
1253;125
1671;125
1799;125
1870;125
1885;125
1928;125
1975;125
256;126
297;126
378;126
398;126
415;126
435;126
490;126
494;126
567;126
579;126
704;126
739;126
815;126
935;126
937;126
945;126
971;126
1010;126
1077;126
1078;126
1092;126
1093;126
1097;126
1098;126
1149;126
1169;126
1234;126
1332;126
1339;126
1342;126
1345;126
1367;126
1371;126
1389;126
1397;126
1457;126
1582;126
1743;126
1749;126
1765;126
1884;126
1919;126
398;127
761;127
781;127
888;127
1445;127
1486;127
1621;127
1624;127
1629;127
1717;127
1748;127
4;128
12;128
22;128
23;128
53;128
62;128
69;128
80;128
84;128
86;128
126;128
196;128
213;128
261;128
274;128
342;128
381;128
392;128
424;128
438;128
441;128
459;128
478;128
495;128
498;128
500;128
502;128
511;128
526;128
532;128
539;128
549;128
560;128
566;128
578;128
582;128
583;128
590;128
594;128
598;128
609;128
614;128
617;128
630;128
634;128
667;128
682;128
683;128
698;128
716;128
725;128
731;128
735;128
736;128
741;128
759;128
765;128
805;128
853;128
868;128
870;128
924;128
925;128
941;128
961;128
966;128
967;128
982;128
987;128
996;128
1013;128
1027;128
1055;128
1056;128
1060;128
1067;128
1069;128
1089;128
1102;128
1106;128
1144;128
1155;128
1163;128
1184;128
1189;128
1211;128
1242;128
1257;128
1276;128
1309;128
1328;128
1358;128
1399;128
1400;128
1414;128
1426;128
1438;128
1488;128
1490;128
1512;128
1524;128
1527;128
1529;128
1535;128
1544;128
1562;128
1573;128
1597;128
1617;128
1643;128
1648;128
1671;128
1695;128
1709;128
1727;128
1740;128
1784;128
1786;128
1796;128
1815;128
1838;128
1844;128
1857;128
1861;128
1862;128
1868;128
1869;128
1870;128
1876;128
1877;128
1878;128
1882;128
1895;128
1930;128
1958;128
439;129
1021;129
1103;129
1474;129
1548;129
1680;129
466;130
618;130
1009;130
1460;130
79;131
179;131
301;131
327;131
393;131
400;131
471;131
507;131
567;131
605;131
621;131
635;131
640;131
719;131
804;131
901;131
1024;131
1074;131
1132;131
1191;131
1231;131
1236;131
1290;131
1390;131
1418;131
1433;131
1521;131
1727;131
1736;131
1781;131
1861;131
519;132
850;132
874;132
997;132
1085;132
1145;132
1158;132
1207;132
1253;132
1259;132
1271;132
1292;132
1308;132
1329;132
1431;132
1451;132
1611;132
1629;132
1715;132
1720;132
1765;132
1887;132
1939;132
206;133
234;133
547;133
703;133
1012;133
1507;133
1865;133
1972;133
553;134
1319;134
579;135
1425;135
630;136
637;137
949;137
1007;137
1308;137
1514;137
632;138
688;138
810;138
1164;138
1306;138
1328;138
1330;138
1396;138
1999;138
576;139
718;139
789;139
1162;139
1372;139
1445;139
800;140
1032;140
1631;140
1655;140
579;141
833;141
864;141
1200;141
1481;141
1635;141
1753;141
1829;141
1863;141
1942;141
1944;141
37;142
84;142
206;142
226;142
293;142
331;142
340;142
344;142
360;142
372;142
397;142
410;142
433;142
667;142
735;142
759;142
762;142
930;142
982;142
989;142
1011;142
1069;142
1099;142
1109;142
1131;142
1156;142
1241;142
1283;142
1410;142
1414;142
1436;142
1476;142
1487;142
1523;142
1562;142
1641;142
1643;142
1683;142
1687;142
1786;142
1815;142
1867;142
1892;142
1895;142
1904;142
1919;142
1922;142
1973;142
1986;142
242;143
274;143
406;143
502;143
534;143
557;143
716;143
725;143
868;143
925;143
966;143
1013;143
1027;143
1182;143
1236;143
1237;143
1276;143
1289;143
1341;143
1353;143
1557;143
1573;143
1606;143
1727;143
1757;143
1952;143
293;144
1185;144
1403;144
1436;144
624;145
1854;145
46;146
268;146
303;146
314;146
395;146
591;146
660;146
822;146
925;146
1052;146
1063;146
1152;146
1208;146
1238;146
1256;146
1282;146
1304;146
1309;146
1372;146
1384;146
1447;146
1529;146
1623;146
1654;146
1726;146
1958;146
1960;146
1973;146
86;147
123;147
206;147
297;147
406;147
1723;147
1511;148
547;149
1865;149
1511;150
